1 10 13 7 10	1 10 13
24 6 16	24 6 16
22 1 1	22 1 1
16 22 10	22 10 10
2 16 13 15	2 16 13
9 12 16 13	9 12 16
4 10 32 37	10 32 37
16 1 7 2 30 15	1 2 30
4 37 9 2	37 9 2
36 6 16	36 6 16
21 2	21 2 2
24 20 12 32	24 20 32
6 2 7 24 30	2 24 30
7 20 6 21 30	20 21 30
10 24 13	10 24 13
16 37 6 9 30	37 9 30
31 32 7	31 32 12
42 1 13	42 1 13
23 16 9	23 16 9
16 20 23 1 7	20 23 1
37 28 20	37 28 20
29 2 9 15	29 2 9
10 23 20	10 23 20
23 31 16	23 31 16
6 23 27 16	23 27 16
22 30 13 9 15	22 30 9
21 33 7 28	21 33 28
1 2 7	1 2 12
1 10 14	1 10 13
27 22 20	27 22 20
29 30 23	29 30 23
7 27 6 36 32	27 36 32
6 35 25 13 15	35 25 12
33 7 0	33 13 0
16 24 10 19	24 10 19
6 24 31 32	24 31 32
6 22 1 1	22 1 1
6 29 12 20	29 12 20
16 2 7 24 30	2 24 30
28 7 20	28 12 20
34 32 15	34 32 32
7 22 6 23 13 7	23 13 12
6 4 28 16	0 28 16
7 23 6 20 7 16	23 20 16
23 6 14	23 6 6
7 9 6 6 30	9 6 30
23 16 20	23 16 20
20 9 29 15	20 9 29
16 37 7 30 21 15	37 30 21
9 20 29 10	9 20 29 10
16 23 6 16 30	23 16 30
36 20 14	36 20 13
20 29 7 29	20 29 29
36 7 30	36 13 30
4 30 13 9	30 13 9
4 33 2 4	33 2 0
20 27 37 15	20 27 37
6 16 6 37	16 6 37
7 37 6 25 20	37 25 20
10 27 22	10 27 22
36 13	36 12 13
24 1 31	24 1 31
1 35 13	1 35 13
23 28 1	23 28 1
23 1 13 1	23 1 1
22 30 24	22 30 24
16 22 20 23	22 20 23
16 37 13 20	37 12 20
34 13 9	34 13 9
1 27 13	1 27 13
11 21 7 28 15	21 12 28
28 20 27 36	28 20 27 36
11 24 34 7 30	24 34 30
20 33 13 1	20 33 1
35 7 30 1	35 30 1
37 19 21	37 19 21
20 25 25	20 25 25
32 7 21 4	32 21 0
30 18 30 18	30 0 30 0
29 1 20	29 1 20
6 12 7 32 9	12 32 9
4 35 13 20	35 13 20
9 25 9 25	9 25 9 25
16 22 6 12 14	22 12 13
12 21 13 28	12 21 28
29 23 23	29 23 23
7 22 6 4 29 30	0 29 30
32 28	32 28 28
20 22 12 30	20 22 30
34 20 22	34 20 22
16 21 16 12 37	21 16 37
1 7 10	1 10 13
16 37 20 9	37 20 9
10 7 32 37	10 32 37
7 30 6 9 14	30 9 13
16 7 21 2	16 21 2
24 20 7	24 20 0
10 2 12	10 2 12
27 7 16 30	27 16 30
16 23 7 16 13	23 16 12
9 31 7 20	9 31 20
22 1 12 20 15	22 1 20
29 12 20 15	29 12 20
16 29 7 1 23 15	29 1 23
16 2 13 15	16 2 13
1 7 20 14	1 20 13
16 18 25 10	0 25 10
22 32 13 10 15	22 32 10
0 12 1	0 12 1
2 12 10	2 12 10
16 37 20 12 32	37 20 32
27 7 6 1	27 6 1
37 21	37 21 21
37 36 1	37 36 1
7 1 6 22 16	1 22 16
16 7 33 20	16 33 20
37 36 32	37 36 32
7 37 6 28 16	37 28 16
21 1 33 15	21 1 33
10 32 22	10 32 22
16 31 1 24	31 1 24
6 16 27 10	16 27 10
6 34 7 16 10 13	34 16 10
25 33 1	25 33 1
37 7 16	37 16 16
20 32 20 32	20 32 20 32
36 10 9	36 10 9
22 23 1	22 23 1
22 13 30	22 13 30
20 6 1 15	20 6 1
4 16 7 6	16 12 6
7 22 6 29 12 7 1	29 12 1
21 36 37	21 36 37
34 20 31	34 20 31
16 23 32 42 15	23 32 42
7 22 6 36 37 20	36 37 20
2 1 12 20	2 1 20
7 10 22 23 7 1	22 23 1
29 7 20	29 13 20
25 13 30	25 30 30
29 7 2 9	29 2 9
7 10 6 33 14	10 33 13
23 1 30	23 1 30
16 23 21 12 1	23 21 1
6 22 37	6 22 37
35 20 32 15	35 20 32
4 23 9	23 9 9
12 34 37 15	12 34 37
7 22 6 7 0	22 12 0
10 22 24	10 22 24
16 21 33 12 30	21 33 30
22 30 23	22 30 23
37 30 13 7	37 30 12
36 13 31	36 13 31
7 22 6 12 30 14	12 30 13
10 21 22	10 21 22
4 21 7 1	21 12 1
24 20 9	24 20 9
16 21 7 16 37 15	21 16 37
37 29 32	37 29 32
19 20 19 20	19 20 19 20
33 21 20 7 10	33 21 20
4 21 30 2	21 30 2
4 24 2 20	24 2 20
23 10 32	23 10 32
16 37 2 30	37 2 30
30 13 30 15	30 13 30
7 23 2 12 2 9	23 2 9
29 20 24	29 20 24
37 10 14	37 10 13
21 7 10 1	21 10 1
11 10 9 7 34	10 9 34
37 20 13 7 10	37 20 13
37 19 30 1	37 19 30 1
6 30 12 19	30 12 19
42 33 20 7 10	42 33 20
7 9 6 20 23	9 20 23
29 7 23	29 13 23
27 30 16 15	27 30 16
16 34 1 12 31	34 1 31
16 1 10 7	1 10 13
23 21 1	23 21 1
4 23 29 14	23 29 13
9 10 37	9 10 37
6 28 30 28 30	28 30 28 30
24 2 36	24 2 36
7 36 6 20 27	36 20 27
22 16 13	22 16 13
1 29 13 20	1 29 20
37 9 7 1	37 9 1
1 9 7 30	1 9 30
4 2 20	2 20 20
16 31 30 12 1	31 30 1
10 42 32	10 42 32
31 13 7 20 15	31 13 20
9 7 16 20	9 16 20
29 12 32 13	29 12 32
9 19 19	9 19 19
10 42 7 20 15	10 42 20
23 1 22	23 1 22
37 6 12	37 6 12
6 16 7 10 13 15	19 16 10
1 7 31 30	1 31 30
4 16 31 20	16 31 20
1 31 0	1 31 0
4 10 13 9	0 10 9
4 21 20 1	21 20 1
36 20 7 27	36 20 27
36 32 9	36 32 9
4 10 36 31 15	10 36 31
4 37 21 1	37 21 1
22 33 7	22 33 12
22 20 13 15	22 20 13
23 34 20	23 34 20
7 37 12 21	37 12 21
32 6 7 23 15	32 6 23
10 9 28	10 9 28
34 20 13 1 15	34 20 1
	6 9 13
4 27 30 1	27 30 1
36 20 7 1	36 20 1
37 31 22	37 31 22
36 35 32	36 35 32
16 20 36	16 20 36
7 37 6 2 14	37 2 12
1 7 10	1 12 10
4 2 13	0 2 13
24 31 31	24 31 31
4 29 10 37	29 10 37
7 6 27 4	12 27 0
22 30 31 12 13	22 30 31
16 21 12 28	21 12 28
20 22 16	20 22 16
1 20 28	1 20 28
6 22 20 13 1	22 20 1
11 27 7 30	0 27 30
36 21 20	36 21 20
16 22 23	16 22 23
30 16 22	30 16 22
7 10 6 32 34	10 32 34
23 20 1 7 0	23 20 1
30 32 7 32	30 32 32
6 37 25 1	37 25 1
16 21 10 12 10	21 10 10
37 7 9 30	37 9 30
25 20 13 15	25 20 20
7 10 32 29 30	32 29 30
7 16 20 18	16 20 0
0 22 12	0 22 12
23 29 14	23 29 12
31 20 2	31 20 2
36 13 0	36 13 0
1 33 13 16 15	1 33 16
34 16 10 13	34 16 10
28 7 10	28 10 13
27 7 30 16	27 30 16
7 10 23 16 7 30	23 16 30
16 10 29 32	10 29 32
16 9 2 7 20	9 2 20
4 31 13 1	31 13 1
16 10 31 9 15	10 31 9
10 21 2	21 2 2
12 32 13	12 32 13
37 20 1 36	37 20 1 36
27 32 14	27 32 13
4 10 29 32	10 29 32
10 7 21 2	10 21 2
7 20 6 7 23	20 12 23
11 23 20 7 16	23 20 16
16 7 0	16 12 33
20 27 37	20 27 37
21 20 32	21 20 32
6 30 7 16 22	30 16 22
24 7 30	24 12 30
4 9 2 22	9 2 22
16 22 6 37 21 30	37 21 30
4 9 32 30	9 32 30
6 12 7 28 10	12 28 10
20 28 9	20 28 9
30 16 22	30 16 22
23 10 32	23 10 32
23 34 34	23 34 34
6 1	6 1 1
7 22 6 1 2 7 30	1 2 30
1 7 30	1 12 30
27 7 2 22	27 2 22
23 30 1	23 30 1
11 6 7 0	0 6 13
6 16 7 19 30	16 19 30
7 10 24 32 34	24 32 34
19 12 1	19 12 1
7 30 21 16 37 15	21 16 37
7 22 6 16 20	16 20 20
6 9 7 31 20	9 31 20
4 35 30 16	35 30 16
35 36 13	35 36 13
4 16 22 27	16 22 27
16 16 20 34	16 20 34
4 37 34	37 34 34
16 10 6 21	10 6 21
12 30 2	12 30 2
16 6 7 1 37 15	6 1 37
23 20 19	23 20 19
4 37 20 10	37 20 10
20 13 9	20 13 9
4 22 1 35	22 1 35
16 6 4 27 2	0 27 2
10 33 34	10 33 34
4 23 7 30	23 12 30
31 23 13 10 15	31 23 10
22 16 13 10	22 16 10
12 7 9 37	12 9 37
7 10 23 16 30	23 16 30
9 12 30	9 12 30
10 27 20	10 27 20
10 13 20	10 12 20
10 1 23	10 1 23
7 10 6 32 24	10 32 24
32 21 4 15	32 21 0
6 10 21 16	10 21 16
6 16 7 22 27	16 22 27
4 24 29 1	24 29 1
4 23 20 29	23 20 29
6 23 2 14	23 2 12
16 20 20	16 20 20
7 22 1 27 20	22 1 27 20
7 27 32 33 20	27 32 33 20
24 16 7 20	24 16 20
36 2 15	36 2 2
7 22 6 23 1	23 1 1
6 20 1 13 15	20 1 12
9 20 4	9 20 0
29 23 12 15	29 23 12
23 16 30	23 16 30
16 37 16 7 20	37 16 20
27 22 20	27 22 20
7 10 19 10 7 0	19 10 13
9 2 2	9 2 2
4 23 13 30	23 12 30
36 21 7 37	36 21 37
4 35 20 1	35 20 1
6 37 7 30 16	37 30 16
11 13 7	0 13 0
6 32 12 9	32 12 9
6 10 7 22 1	10 22 1
16 23 7 29 20	23 29 20
21 16 37	21 16 37
0 12 13	0 12 13
21 20 16	21 20 16
1 20 9 37	1 20 9 37
16 22 21 2	22 21 2
9 25 32	9 25 32
10 32 7 25	10 32 25
12 7 19 9	12 19 9
30 21 12 0	30 21 0
16 10 21 16	10 21 16
22 20 37 15	22 20 37
6 27 6 13 30	27 6 30
23 10 7	23 10 12
32 36 30	32 36 30
35 29 10	35 29 10
1 20 10 22	1 20 10 22
36 27 30	36 27 30
1 6 12 30	1 6 30
31 7 12 30	31 12 30
6 23 9 13 9	23 9 9
16 30 7 26 27 15	30 0 27
7 20 6 2 14	20 2 13
22 31 20	22 31 20
21 20 7 32 15	21 20 32
16 2 37	2 37 12
42 20 13 32	42 20 32
33 16	33 16 16
6 12 9 14	12 9 13
4 29 30 1	29 30 1
37 21 20 32 15	37 21 20 32
16 13 6	16 12 6
37 21 21	37 21 21
23 2 12	23 2 12
36 7 25	36 25 25
9 23 23	9 23 23
24 20 13 31 15	24 20 31
16 30 37 9 15	30 37 9
9 13 7 32 15	9 13 32
34 7 32	34 13 32
4 27 16 30	27 16 30
25 27 13	25 27 13
4 16 33 20	16 33 20
6 21 7 33	12 21 33
27 23 30	27 23 30
33 28 13 16 15	33 28 16
16 17 6	0 6 13
36 2 13 2	36 2 2
4 1 20 2	1 20 2
16 22 6 36 32 14	36 32 13
21 2 13 20	21 2 20
10 12 7 15	10 12 13
20 7 21 23	20 21 23
30 12 23	30 12 23
23 12 7 13 15	23 12 13
4 37 16 30	37 16 30
22 7 26 9	22 12 9
10 36 7 31	10 36 31
23 20 34	23 20 34
16 9 31	9 31 31
7 22 6 10 7 20	10 12 20
30 7 9 14	30 9 13
22 16 15	12 22 16
37 2 16	37 2 16
10 9 16	10 9 16
27 7 20 19 15	27 20 19
4 6 37 22	6 37 22
37 2 22	37 2 22
32 30 7 23	32 30 23
16 23 7 20 1 15	23 20 1
7 22 6 33 2 32	33 2 32
6 2 1 20	2 1 20
27 20 16	27 20 16
37 1 10	37 1 10
16 24 6 30 32	24 30 32
27 6 30 15	27 6 30
4 36 37 20	36 37 20
6 20 9 1	20 9 1
27 1 2	27 1 2
16 9 2 7 2	9 2 2
23 7 21 28	23 21 28
7 22 6 23 7 0	23 13 12
21 37 1 15	21 37 1
36 7 33 2	36 33 2
7 35 6 29 1	35 29 1
6 36 7 0 16	36 0 16
16 6 23 32	6 23 32
1 2 30 15	1 2 30
6 1 10	19 10 13
36 35 30	36 35 30
35 13 2	35 13 2
16 4 27 30	0 27 30
29 2 20	29 2 20
19 9 30	19 9 30
9 10 31 20	9 10 31 20
4 29 35 20	29 35 20
32 9 33	32 9 33
16 23 2 2	23 2 2
4 27 6 1	27 6 1
7 23 6 32 7 42	23 34 20
24 6 7 10	24 6 10
7 10 6 9 16	10 9 16
16 16 22 23	16 22 23
11 1 33 7 16	1 33 16
4 9 31	0 9 31
9 20 28 30	9 20 28 30
16 6 7 37	16 6 37
16 29 1 7 23	29 1 23
12 7 37 42	12 37 42
2 32 7 13 15	2 32 0
36 20 32	36 20 32
4 9 12 14	9 12 13
0 32 30	0 32 30
24 2 20	24 2 20
6 23 7 1 1	23 1 1
16 27 20 16	27 20 16
6 37 1 2	37 1 2
7 30 6 33 16	30 33 16
7 10 19 10 14	19 10 13
23 7 2 19	23 2 19
16 36 4 16 15	36 0 16
4 1 30 37	1 30 37
4 2 12 16	2 12 16
21 19 15	21 19 19
36 28 20	36 28 20
21 20 7 23 15	21 20 23
42 20 32	42 20 32
4 32 37 14	32 37 12
29 30 15	12 29 30
23 1 31	23 1 31
7 24 34 12 34 37	24 34 37
37 20 21	37 20 21
10 9 29	10 9 29
24 29 14	24 29 13
7 22 6 23 34 20	23 34 20
4 2 10 14	2 10 13
1 29 9	1 29 9
16 22 6 23 1	23 1 1
37 1 12 15	37 1 12
36 13 37	36 13 37
9 29 13 2 15	9 29 2
7 19 10 7 0	19 10 13
23 27 12 16 15	23 27 16
4 19 20	0 19 20
10 37 13 16	10 37 16
4 22 4 16	22 0 16
10 27 1 15	10 27 1
23 7 21 1	23 21 1
7 9 6 29 7 2	9 29 2
10 23 12	10 23 12
23 12 31	23 12 31
20 9 29	20 9 29
30 7 16	30 12 16
37 20 1 10	37 20 1 10
6 9 12 30	9 12 30
36 32 33	36 32 33
16 29 20 32	29 20 32
22 7 37 2	22 37 2
27 7 33 10	27 33 10
30 31 32	30 31 32
6 20 21 16 15	6 20 21 16
7 23 6 16 7 30 7	23 16 30
4 32 7 34	32 13 34
7 24 36 12 36 1	24 36 1
23 7 16 30	23 16 30
4 31 13 20	31 13 20
31 7 1 9	31 1 9
4 24 31 20	24 31 20
1 9 13	1 9 13
10 7 42 20	10 42 20
4 32 37 14	32 35 13
4 31 30	31 30 30
4 36 13 1	36 13 1
23 27 15	23 27 27
4 12 29 30	12 29 30
10 21 2	10 21 2
31 20 31 12 20	31 20 31
4 37 25 1	37 25 1
37 31 30 15	37 31 30
36 31 13 20 15	36 31 20
24 30 7 9	24 30 9
37 32 10	37 32 10
16 23 22 1 15	23 22 1
28 1 2 15	28 1 2
4 9 20 34	9 20 34
27 1 7 1	27 1 1
7 1 6 7 37	1 13 37
9 20 29	9 20 29
1 37 13 2	1 37 2
7 22 6 37 30 16	37 30 16
7 37 6 20 7 34	37 20 34
6 9 1 34	9 1 34
37 1 2	37 1 2
6 35 2 14	35 2 12
4 37 36	37 36 36
16 37 9 30	37 9 30
7 24 6 1 20	24 1 20
7 1 6 28	1 28 28
29 16 7 16	29 16 16
16 33 30 15	16 33 30
29 12 6	29 12 6
7 22 6 1 37 2	1 37 2
22 2 22	22 2 22
32 21	32 21 21
37 21 16	37 21 16
7 10 6 42 16	10 42 16
27 7 10	27 12 10
4 20 35 10	20 35 10
35 7 1 15	35 13 1
21 16 30	21 16 30
28 24 15	28 24 24
16 16 31 20	16 31 20
35 30 1	35 30 1
11 6 13 7 10	0 6 13
6 28 12 21	28 12 21
7 30 6 28 7 16	30 28 16
24 7 30	24 30 12
16 10 6 9 34	10 9 34
16 37 2 12 16	37 2 16
4 2 7 10	2 13 10
10 36 20	10 36 20
12 21 33	12 21 33
4 33 16	33 16 16
37 20 13	37 20 13
22 23 1	22 23 1
20 7 2 2	20 2 2
37 20 13	37 20 13
34 20 12 20 15	34 20 20
4 36 2	36 2 2
19 1 31	19 1 31
7 37 6 1 7 20	37 1 20
7 6 24 7 25	0 24 25
35 22 30	35 22 30
23 25 20	23 25 20
16 2 13 20	2 12 20
7 27 6 23 30	27 23 30
37 7 33 30	37 33 30
7 10 28 12 14	28 12 13
1 30 37	1 30 37
10 21 16	10 21 16
4 9 7 30	9 13 30
30 9 32	30 9 32
6 37 20 32	37 20 32
23 30 32	23 30 32
24 22 32	24 22 32
6 4 16 13 20	0 16 20
6 12 30 2	12 30 2
34 16 10	34 16 10
16 9 6 30	9 6 30
0 22 22	0 22 22
28 13 2	28 13 2
6 16 7 16	6 16 16
6 22 20 14	22 20 12
6 13 9 42	13 9 42
1 13 7 37	1 13 37
16 4 6 7 15	0 6 13
10 29 20	10 29 20
16 7 36 13 15	16 36 13
29 32 9 15	29 32 9
37 22 30	37 22 30
7 22 6 24 2 16	24 2 16
10 32 14	10 32 13
6 25 16 20	25 16 20
6 10 28 30	10 28 30
37 20 9	37 20 9
2 10 13	2 10 12
7 22 6 9 7 16	9 12 16
6 23 1 13 1	23 1 1
7 22 6 10 22 1	10 22 1
4 21 20 2	21 20 2
34 30 37	34 30 37
11 23 29 7 0	23 29 12
22 33 30	22 33 30
29 7 2	29 13 2
20 7 32 37	20 32 37
27 30 16	27 30 16
37 21 12	37 21 12
32 7 24 20	32 24 20
9 23 31	9 23 31
16 7 37 28	16 37 28
11 13 16 7 0	12 16 0
22 30 31	22 30 31
22 7 20 9	22 20 9
6 22 30 9	22 30 9
16 13 30	16 13 30
16 2 16 10	2 16 10
4 1 33 16	1 33 16
24 36 13	24 36 13
25 27 13	25 13 12
4 23 2	0 23 2
20 4 13	20 0 13
30 9 7 0	30 9 13
6 23 7 16 30	23 16 30
42 7 33 20 15	42 33 20
35 20 35 20	35 20 35 20
4 31 7 37	31 12 37
36 7 33 20	36 33 20
37 6 9	37 6 9
30 37 9	30 37 9
6 23 20 13 34	23 20 34
37 30 1 15	37 30 1
1 30 13 35	1 30 35
7 20 21 23 10	20 21 23 10
37 13 20	37 13 20
0 24 25	0 24 25
6 23 32 42	23 32 42
30 29	30 29 29
7 22 6 16 20 7 20	16 20 20
10 7 32 20	10 32 20
4 13 16 10	13 16 10
9 29 2	9 29 2
1 27 30 15	1 27 30
6 6 1 37	6 1 37
20 31 1	20 31 1
29 10 1 12 20	29 1 20
24 30 32	24 30 32
16 16 30	16 30 30
10 1 13	10 1 0
16 13 2	16 13 2
10 6 10	10 6 10
7 10 27 36 32	27 36 32
1 20 9 37	20 9 37
23 9 13 20	23 9 20
1 7 30 35	1 30 35
21 28 14	21 28 13
12 20 31	12 20 31
6 29 12 32	29 12 32
16 2 12 7 10	2 12 10
10 36 20 15	10 36 20
23 30 1	23 30 1
36 37 30	36 37 30
35 16 7 16 15	35 16 16
6 35 13 1	35 13 1
6 37 29 20	37 29 20
10 7 32 22	10 32 22
9 20 29 10	9 20 29 10
1 20 33 7 10	1 20 0
4 23 16 20	23 16 20
23 12 7 31	23 12 31
4 22 30 22	22 30 22
4 10 29 23	10 29 23
7 22 6 31 7 37	31 12 37
33 2 13 15	33 2 13
1 26 13 22	1 0 22
9 2	9 2 2
31 12 37	31 12 37
23 22 1	23 22 1
11 13 21 7 2	12 21 2
16 27 6 1	27 6 1
31 7 35 12 6	31 35 12
9 29 1	9 29 1
23 20 1	23 20 1
7 6 23 2	12 23 2
11 22 12 15	0 22 12
25 1 23	25 1 23
6 37 7 12 10	37 12 10
28 16 20	28 16 20
36 7 20 1	36 20 1
35 36 7 0	35 36 13
30 9 10	30 9 10
6 27 32 13 20 13	27 32 20
37 12 10	37 12 10
16 22 13 20 15	22 13 20
10 12 36	10 12 36
7 23 6 20 1	23 20 1
9 20 29 15	9 20 29
24 31 20	24 31 20
6 1 7 27 14	1 27 13
37 20 19	37 20 19
16 20 21	16 20 21
37 20 27 22	37 20 27 22
35 10 7 0	35 10 13
20 12 14	20 12 13
2 20 21	2 20 21
25 24 13 20 15	25 24 20
23 7 20 22	23 20 22
22 20 1 7 30	22 20 1 30
36 37 20	36 37 20
24 32 32	24 32 32
10 36 31	10 36 31
23 12 36	23 12 36
16 13 10 7 0	16 10 0
4 27 19 20	27 19 20
31 20 13 32	31 20 32
16 13 30	16 13 30
7 28 2 7 2	28 13 2
4 13 9 42	13 9 42
29 23 32	29 23 32
16 30 7 26 27	30 0 27
28 7 33 2	28 33 2
27 22 30	27 22 30
6 32 20 9	32 20 9
7 26 6 16 7 20	0 16 20
23 27 7 13 15	23 27 13
31 20 23	31 20 23
20 9 29	20 9 29
30 7 23 42	30 23 42
4 23 30 14	23 30 12
23 2 7 19	23 2 19
37 20 13 22	37 20 22
27 7 32 20	27 32 20
9 20 1	35 20 1
29 32 20	29 32 20
4 2 24 30	2 24 30
16 10 22 4 15	10 22 0
6 21 2 2	21 2 2
6 23 22 1	23 22 1
36 7 1	36 13 1
16 23 7 9 15	23 9 9
7 24 34 7 20	24 34 20
10 28 32	10 28 32
27 22 7 20 15	27 22 20
36 16	36 16 16
6 27 2 13 22	27 2 22
21 30	21 30 30
9 23 19 20	9 23 19 20
12 31 10 13 15	12 31 10
12 31 10	12 31 10
27 30 13 30	27 30 30
24 2 20	24 2 20
32 7 21 20 15	32 21 20
4 27 30	0 27 30
36 7 24	36 13 24
6 37 30 13 16	37 30 16
27 19 13 20	27 19 20
16 37 28 32	37 28 32
4 31 20 14	31 20 12
16 23 31 15	23 31 31
20 2 2	20 2 2
6 37 7 30 14	37 30 13
24 20 29	24 20 29
1 22 16	1 22 16
2 7 12 14	2 12 13
16 21 7 30	21 12 30
22 26 16	22 0 16
16 6 27 2 22	27 2 22
6 22 16 16	22 16 16
16 20 21 13 23 15	20 21 23
29 20 32	29 20 32
37 22 37 22	37 22 37 22
16 36 35 12 30	36 35 30
36 35 32	36 35 32
38 39 40 39 41 39	23 22 10
16 36 13 15	16 36 13
9 20 37 15	9 20 37
7 1 13 34	1 13 34
36 16 37	36 16 37
34 16	34 16 16
7 10 21 20 32	21 20 32
12 9 14	12 9 13
37 21 13 1	37 21 1
4 37 6 2	37 6 2
16 35 22 30	35 22 30
6 20 27	6 20 27
22 30 27	22 30 27
7 36 16 4 28	36 16 0 28
16 7 36	16 36 13
16 37 7 29 20	37 29 20
32 24 16	32 24 16
2 33 10	2 33 10
16 27 20	16 27 20
23 7 32 42 15	23 32 42
12 29 14	12 29 13
1 30	1 30 30
12 7 30 2 15	12 30 2
16 33 10 2 22	33 10 2 22
37 21 37 21	37 21 37 21
32 22 7	32 22 12
10 29 6	10 29 6
10 22 14	10 22 13
4 13 22 20	13 22 20
12 20 2	12 20 2
33 21 16	33 21 16
7 22 6 27 6 1	27 6 1
30 7 23	30 12 23
4 23 1 30	23 1 30
22 20 7 23	22 20 23
4 12 21 33	12 21 33
6 36 7 21 20	36 21 20
20 9 1	20 9 1
4 29 16	29 16 16
16 29 12 20	29 12 20
23 27 13 16	23 27 16
22 24 20	22 24 20
37 7 9 1	37 9 1
7 22 1 35 30	22 1 35 30
24 2	0 24 25
9 16 20	9 16 20
36 7 23 1	36 23 1
23 1 1	23 1 1
4 34 20 1	34 20 1
2 7 12 20	2 12 20
7 10 6 23 30	10 23 30
28 10 1 12 20	28 10 1
16 1 6 30	1 30 13
35 12 29	35 12 29
16 13 10 7 0	16 0 10
29 16 6	29 16 6
29 2 13 9 15	29 2 9
2 23 34	2 23 34
9 20 37	9 20 37
7 23 6 13 7 31	23 12 31
23 9 13 9	23 9 9
23 29 7 15	23 29 13
7 10 9 7 2	9 12 2
21 28 13 20 15	21 28 20
4 16 7 28 13 35	28 27 12
12 29 7 13 15	12 29 13
24 30 13 15	24 30 12
37 7 30	37 30 13
9 23 31 1	9 23 31 1
6 20 7 12 23	20 12 23
16 37 14	16 37 13
6 31 12 37	31 12 37
24 30 29	24 30 29
36 20 13 37 15	36 20 37
6 12 7 30 14	12 30 13
28 13 10 15	28 13 10
9 23 28 10	9 23 28 10
7 22 6 9 20 4	9 20 0
34 13 37	34 13 37
10 7 16	10 12 16
24 2 16	24 2 16
2 7 32 37	2 32 37
9 29 7 1	9 29 1
27 33 20 1	27 33 20 1
6 22 7 9 31	22 9 31
21 25 20	21 25 20
7 1 6 30 14	1 30 13
29 12 32	29 12 32
7 22 6 23 32 7 42	23 34 20
12 20 19	12 20 19
23 16 13 2	23 16 2
31 35 14	31 35 13
7 23 12 30	23 12 30
6 37 2 13 30	37 2 30
36 7 0	36 13 0
6 34 7 16 10	34 16 10
7 22 6 30 9 14	30 9 13
4 2 20 27	2 20 27
6 2 1 13 20	2 1 20
16 13 22	16 13 22
20 7 1	20 12 1
36 33 30 7 0	36 33 30
16 24 1 4	24 1 0
20 37 2	20 37 2
9 7 34	9 34 13
22 2 13 16	22 2 16
12 29 1	12 29 1
16 9 12 30 15	9 12 30
25 20 13 37 15	25 20 37
10 31 13 31 15	10 31 10 31
10 27 23	10 27 23
4 30 28 16	30 28 16
23 9 13 9 15	23 9 9
16 22 13 23	16 22 23
36 24 29	36 24 29
21 16 33 12 20 13 15	21 16 33 20
4 37 30 16	37 30 16
25 1 7 1 15	25 1 1
19 7 10	19 10 13
16 30 7 23 9 15	30 23 9
22 30 16 7 10	22 30 16
22 20 1	22 20 1
27 2 22	27 2 22
7 22 6 9 1 23	9 1 23
32 20 29 15	32 20 29
4 21 12 32	21 12 32
30 33 21 15	30 33 21
12 21 1	12 21 1
30 33 16	30 33 16
	20 6 37 22
30 23 2	30 23 2
23 32 13 2	23 32 2
4 9 1 23	9 1 23
19 9 32	19 9 32
6 30 7 6 15	19 30 19
21 7 12 20	21 12 20
16 18 7 27 30	0 27 30
6 31 12 30	31 12 30
30 37 10	30 37 10
23 7 16 14	23 16 13
4 2 1	0 2 1
4 16 15	0 16 16
36 16 7 30	36 16 30
10 13 27	10 13 27
21 33 30	21 33 30
20 16 14	20 16 13
37 36 2	37 36 2
0 30 30	0 30 30
24 7 1 20	24 1 20
2 21 7 30	2 21 30
7 22 6 2 20	2 20 20
4 1 27 16	1 27 16
22 32 27	22 32 27
4 13 9 10	13 9 10
37 7 29 16 15	37 29 16
16 22 7 12 7 15	22 12 13
16 6 4 28 16	0 28 16
7 9 6 29 2	9 29 2
10 21 7 23	10 21 23
11 2 16 7 10	2 16 10
4 10 33 14	10 33 13
37 1 22	37 1 22
10 7 32 25 15	10 32 25
25 20 15	25 20 13
6 24 2 13 20	24 2 20
23 22 2	23 22 2
36 9 12 15	36 9 12
37 21 20 16	37 21 20 16
11 23 13 7 0	23 13 12
36 37 1 15	36 37 1
16 22	16 22 22
2 10 13 7	2 10 12
4 29 30	0 29 30
22 16 12 16	22 16 16
7 22 6 27 6 7 1	27 6 1
11 24 20 7 21	24 20 21
6 29 20 13 23	29 20 23
4 22 27 10	22 27 10
1 29 20	1 29 20
16 30 1 22	30 1 22
32 20 36	32 20 36
23 34 20	23 34 20
4 22 13 20	0 22 20
4 22 32 20	22 32 20
9 20 34	9 20 34
23 12 34	23 12 34
20 27 34	20 27 34
32 12 28	32 12 28
31 13 32	31 13 32
35 25 7 0	35 25 12
1 20 33 7 10	1 20 33 10
4 29 32 14	29 32 12
42 33 20	42 33 20
4 25 14	0 25 13
6 10 1 4	10 1 0
32 12 28	32 12 28
4 1 20 28	1 20 28
24 34 30	24 34 30
33 12 30	33 12 30
6 1 20 13 27	1 20 27
16 28 20 27 36	28 20 27 36
22 30 32	22 30 32
12 30 13	12 30 13
22 27 6	22 27 6
9 22 12 15	9 22 12
10 7 37 16	10 37 16
6 12 27 4	12 27 0
31 33 20	31 33 20
20 4 22	20 0 22
4 21 30	21 30 30
4 12 31 4	12 31 0
23 13 12	23 13 12
23 28 16 15	23 28 16
4 10 37 42	10 37 42
16 20 1 14	20 1 12
16 21 16 12 37 15	21 16 37
37 20 1 2	37 20 1 2
10 37 16	10 37 16
1 23 20	1 23 20
22 24 31	22 24 31
32 20 34	32 20 34
6 32 7 9 16	32 9 16
35 30 32 15	35 30 32
16 32 20 12 35	32 20 35
37 20 28	37 20 28
1 22 20	1 22 20
4 22 1 12 37	22 1 37
31 1 13 37 15	31 1 37
30 35 12 13	30 35 12
7 1 6 2 7 0	1 2 0
22 20 15	22 20 20
21 22 13 16	21 22 16
4 30 16	0 30 16
19 7 10 13 15	19 10 13
37 6 10	37 6 10
31 7 26 20	31 13 20
37 7 2 30	37 2 30
10 7 2 20	10 2 20
23 13 7 0	23 13 12
6 24 7 1 20	24 1 20
9 12 13	9 12 13
9 20 28 16	9 20 28 16
4 30 25	30 25 25
11 21 16 7 30	21 16 30
6 32 6 23	32 6 23
36 1 33	36 1 33
22 16 27	22 16 27
37 19 16	37 19 16
4 27 20 16	27 20 16
10 27 23	10 27 23
16 22 6 9 20	9 20 20
16 37 33 2	37 33 2
24 7 30 9	24 30 9
4 16 13 20 15	0 16 20
6 37 31 14	37 31 12
4 30 13 10	30 13 10
4 32 37 30	32 37 30
23 29 7 15	23 29 12
16 21 20 7 32	21 20 32
10 42 20	10 42 20
4 9 1 20	9 1 20
32 9 2	32 9 2
10 32 37	10 32 37
27 32 30	27 32 30
37 21 16	37 21 16
27 20 33	27 20 33
4 37 16 20	37 16 20
16 28 2 23 16	28 23 16
32 20 23	32 20 23
20 12 10 9	20 12 9
29 30 13 1	29 30 1
37 6 16	37 6 16
24 7 20 21	24 20 21
1 22 31	1 22 31
1 36 20	1 36 20
22 7 26 23	22 13 23
16 12 9 2	12 9 2
6 27 7 6 1	27 6 1
7 16 6 19 30	16 19 30
16 22 30 22 30	22 30 22 30
20 28 9	20 28 9
22 13 26	22 12 0
19 20 13 2	19 20 2
1 13 10	1 13 10
6 20 32 37	20 32 37
16 33 10 15	16 33 10
22 30 23	22 30 23
21 30 1 1	21 30 1 1
24 20 1	24 20 1
29 7 20 37	29 20 37
4 35 30 9	35 30 9
7 23 6 7 31	23 12 31
33 28 16	33 28 16
22 24 31	22 24 31
35 28 12	35 28 12
36 7 37	36 13 37
21 16 30 15	21 16 30
7 24 6 6 7 10	24 6 10
10 9 31 15	10 9 31
29 20 13 23	29 20 23
7 2 37 14	2 37 12
7 10 1 19 9	1 19 9
34 16 7 10	34 16 10
37 30 13	37 30 12
23 13 12 7 6	23 13 12
4 24 16 20	24 16 20
31 20 7 31 13 37	31 20 31 37
4 12 20 14	12 20 13
32 20 7 36	32 20 36
2 30 27	2 30 27
23 30 16 15	23 30 16
4 24 34 20	24 34 20
21 20 32	21 20 32
1 24 30	1 24 30
6 27 32 13 20	27 32 20
17 16 10	0 16 10
1 2 7 30	1 2 30
32 6 12 20	32 6 20
16 36 20 1	36 20 1
25 20 14	25 20 13
4 23 7 2 13 19	23 2 19
37 10 32	37 10 32
32 20 24	32 20 24
7 30 30 33	0 30 33
23 7 32 20	23 32 20
2 32 26	2 32 0
23 21 16	23 21 16
21 7 2	21 2 2
32 7 6 23	32 6 23
12 21 22	12 21 22
24 6 16	24 6 16
4 16 7 10	0 16 10
1 7 26 22	1 0 22
6 9 13 4	9 13 0
10 36 13 31	10 36 31
20 22 30	20 22 30
6 24 12 13 32	24 12 32
27 1 20 13 7 0	27 1 20
37 30 13 16	37 30 16
22 24 10	22 24 10
7 22 6 37 1 2	37 1 2
6 37 32 10	37 32 10
16 2 32 4	2 32 0
6 4 16 13 10	0 16 10
9 1 13 23	9 1 23
37 27 22	37 27 22
4 21 2 20	21 2 20
7 6 32 9	12 32 9
21 33 2	21 33 2
19 16 20	19 16 20
1 33 7 20	1 33 20
4 6 9 10	6 9 10
10 32 12 25	10 32 25
12 21 1 15	12 21 1
16 30 21 4	30 21 0
4 23 16 9	23 16 9
7 36 6 1 7 33 44	36 1 33
22 16 6	22 16 6
7 35 6 20 1	35 20 1
29 1 7 23	29 1 23
16 28 37 21	28 37 21
21 20 13 2 15	21 20 2
31 1 9	31 1 9
20 21 32	20 21 32
7 22 6 12 32 14	12 32 13
16 12 6	16 12 6
6 10 7 32 20	10 32 20
20 7 21 37	20 21 37
9 20 29 7 10	9 20 29 10
20 32 7 37	20 32 37
4 1 37 2	1 37 2
23 1 15	23 1 1
9 10 31 20 15	9 10 31 20
31 13 20	31 13 20
27 12 19 20	27 19 20
31 12 37	31 12 37
2 32 37	2 32 37
20 1 37	20 1 37
24 13 16 15	24 13 16
23 30 9 12 16	23 30 9
10 1 20	10 1 20
19 30 15	19 30 30
36 7 0	36 12 0
24 30 7	24 30 12
16 20 33 16	20 33 16
37 6 30	37 6 30
22 1 1	22 1 1
32 20 2	32 20 2
37 31 30	37 31 30
9 29 32	9 29 32
2 12 20 15	2 12 20
37 28 7	37 28 12
23 21 28	23 21 28
9 7 26 2	9 12 2
9 20 20	9 20 20
33 16 28	33 16 28
36 27 20	36 27 20
16 10 7 20 15	10 12 20
24 30 2	24 30 2
10 7 12 14	10 12 13
6 23 13 15	23 13 12
9 25 13	9 25 13
24 32 6	24 32 6
16 22 20 37	22 20 37
16 22 7 20	22 13 20
16 7 28 23	16 28 23
33 28 16	33 28 16
22 16 7 0	22 16 12
37 7 20	37 20 13
27 32 20	27 32 20
4 21 20 14	21 20 13
31 20 32	31 20 32
4 37 20 21	37 20 21
4 33 13 32	33 13 32
4 22 24 31	22 24 31
4 1 2	0 1 2
7 20 6 37 2	20 37 2
4 19 1 6	19 1 6
34 7 9	34 13 9
37 30 9	37 30 9
36 20 23	36 20 23
4 1 29 20	1 29 20
37 29 13 20	37 29 20
16 29 23 32	29 23 32
7 22 6 27 32	27 32 32
24 30 13 29	24 30 29
35 10 13	35 10 13
37 2 12	37 2 12
24 20 7 1	24 20 1
6 24 32 14	24 32 13
21 12 7 30	21 12 30
6 2 20 13 1	2 20 1
35 22 7 30 15	35 22 30
27 6 7 1 15 7 30 20 22 7 26 30	20 22 30
4 33 2 32	33 2 32
10 16 12	10 16 12
7 33 6 28	33 28 28
24 32 13 32	24 32 32
23 7 27	23 12 27
6 4 29 30	0 29 30
27 16 13 30	27 16 30
4 36 32	36 32 32
31 12 30	31 12 30
25 27 20 13	25 27 20
37 9 2	37 9 2
7 22 6 12 34 23	12 34 23
23 1	23 1 1
11 32 20 7 35	32 20 35
31 20 13 9	31 20 9
10 33 21	10 33 21
10 22 7 1	10 22 1
6 31 7 20 23	31 20 23
37 25 12	37 25 12
37 29 20	37 29 20
6 12 30 14	12 30 13
9 1 29	9 1 29
31 30	31 30 30
34 20 37	34 20 37
37 9 13 2 15	37 9 2
30 18 30 18 15	30 0 30 0
32 9 2	32 9 2
12 7 22 37	12 22 37
6 29 2 20	29 2 20
4 19 10 13	19 10 13
16 21 16 2	21 16 2
7 22 6 32 20 7 35	32 20 35
23 12 13	23 12 13
21 12 7 2	21 12 2
21 30 7 30	21 30 30
6 10 9 34	9 34 13
24 7 30 29	24 30 29
4 10 23 30	10 23 30
4 22 16 10	22 16 10
7 28 2 12 21	28 12 21
6 19 10 14	19 10 13
6 12 7 28 14	12 28 13
12 7 32 20	12 32 20
30 12 23 15	30 12 23
16 31 7 20	31 13 20
7 24 6 1 4	24 1 0
23 30 9	23 30 9
16 22 6 19 10 14	19 10 13
22 13 1	22 13 1
9 31 37 15	9 31 37
21 33 7 2	21 33 2
23 29 12 15	23 29 13
19 2 13 13	19 2 13
27 32 20	27 32 20
16 10 9 34	10 9 34
20 33 13 10	20 33 10
1 37 2	1 37 2
37 29 1 13	37 22 1
30 9 10	30 9 10
4 10 9 14	10 9 13
37 25 32 20	37 25 32 20
16 23 9 9	23 9 9
22 13 7 21	22 13 21
10 2 16	10 2 16
32 7 20 9	32 20 9
23 7 12 30	23 12 30
4 32 29 23	32 29 23
28 13 10	28 13 10
23 20 16	23 20 16
7 16 6 2	16 2 2
4 21 2 14	21 2 12
12 31 10 13	12 31 10
10 7 23 13 15	10 23 12
10 1 13	10 1 12
7 1 6 25 30	1 25 30
9 19 16	9 19 16
25 20	25 20 20
23 13 20 15	23 13 20
16 2 33 36	2 33 36
28 1 12 20	28 1 20
9 20 10	9 20 10
6 4 6	0 6 13
16 20 27 1 15	20 27 1
2 9 37	2 9 37
7 23 6 32 30	23 32 30
17 30 15	0 12 30
29 1 12 20	29 1 20
27 7 22 1	27 22 1
20 0 22	20 0 22
16 34 7 20 37	34 20 37
37 21 7 1	37 21 1
12 37 13	12 37 13
28 7 26 32	28 13 32
36 6 12	36 6 12
23 20 22	23 20 22
37 28 12	37 28 12
10 6 13 21 15	10 6 21
4 25 7 37	25 13 37
37 36 9	37 36 9
7 37 6 20 32	37 20 32
16 4 12 14	0 12 13
21 28 7 0	21 28 13
35 25 14	35 25 12
36 1 27 15	36 1 27
7 28 7 13	28 13 13
37 36 20	37 36 20
23 12 27	23 12 27
9 25 32	9 25 32
23 29 7 10	23 29 10
17 19 20	0 19 20
35 30 9	35 30 9
4 6 16	6 16 16
7 22 6 37 2	37 2 2
35 7 20 15	35 12 20
21 2 2	21 2 2
4 20 33 1	20 33 1
7 36 6 20 14	36 20 13
4 30 33	0 30 33
16 20 7 13 15	20 0 13
7 22 6 1 2 30	1 2 30
7 22 6 27 19 20	27 19 20
37 20 10	37 20 10
6 27 30 16	27 30 16
1 24 7 20	1 24 20
24 31 7 1	24 31 1
12 32 14	12 32 13
28 23 32	28 23 32
4 20 1 37 15	20 1 37
4 10 7 1	10 12 1
2 33 36 15	2 33 36
4 27 1 20	27 1 20
23 9 2	23 9 2
16 19 10 14	19 10 13
37 34 12	37 34 12
11 19 10 7 0	19 10 13
16 30 32	30 32 32
36 32 37	36 32 37
10 7 20	10 12 20
23 32 42	23 32 42
7 22 6 21 16 37	21 16 37
4 25 33 1	25 33 1
23 7 2 19 15	23 2 19
7 22 6 4 21 20	0 21 20
23 31 16	23 31 16
37 21 1	37 21 1
10 12 33	10 12 33
4 36 27 30	36 27 30
7 22 6 34 7 0	34 12 0
7 22 6 12 9 32	12 9 32
37 28 16	37 28 16
23 36 2	23 36 2
4 12 30 14	12 30 13
	1 20 16 21
10 21 7 2 15	10 21 2
16 9 7 30	9 12 30
10 22 9	10 22 9
6 23 7 20 1	23 20 1
35 1 10	35 1 10
34 20 20	34 20 20
11 23 7 31 15	23 12 31
4 23 7 31	23 12 31
27 22 7 0	27 22 12
7 24 34 30	24 34 30
6 27 23 30	27 23 30
16 22 30 16	22 30 16
23 9	23 9 9
16 26 25 10 15	0 25 10
4 20 9	20 9 9
9 30 16	9 30 16
6 23 7 1	23 1 1
16 20 21 37	20 21 37
7 22 6 12 31 10	12 31 10
32 20 12 22 13 15	32 20 22
24 7 10	24 12 10
29 32 7	29 32 12
36 12 32	36 12 32
2 10 13 0	2 10 0
36 21 13 37	36 21 37
32 37 30	32 37 30
37 29 32	37 29 32
31 1 1	31 1 1
6 31 1 1	31 1 1
10 22 13	10 22 13
7 22 6 37 20 32	37 20 32
16 36 14	16 36 13
6 22 20 1	22 20 1
19 1 20	19 1 20
7 22 6 21 33 30	21 33 30
6 23 12 13 31	23 12 31
4 24 32 36	24 32 36
30 16 28	30 16 28
12 7 20 19	12 20 19
13 9 42	13 9 42
27 12 10	27 12 10
37 36 20	37 36 20
35 31 7 0	35 31 12
12 19 9	12 19 9
16 37 30 12 16	37 30 16
7 23 6 20 7 1	23 20 1
23 13 12 6	23 13 12
9 30 15	9 30 30
22 32 2	22 32 2
28 23 16	28 23 16
7 10 32 21 20	32 21 20
9 1 30	9 1 30
29 20 37	29 20 37
16 10 7 24	10 12 24
6 9 7 6 30	9 6 30
9 1 30	9 1 30
4 20 23 1	20 23 1
6 37 28 30	37 28 30
31 23 10	31 23 10
37 16 20	37 16 20
1 26 22	1 0 22
6 32 20 35	32 20 35
32 6 23	32 6 23
22 0 30	22 0 30
37 32 12 7	37 32 12
16 22 6 32 20 35	32 20 35
11 1 7 0	0 1 13
4 25 10 1	25 10 1
4 20 23 16	20 23 16
32 23 36	32 23 36
7 28 2 23 16	28 23 16
16 10 9 12 30	10 9 30
7 23 6 20 16	23 20 16
16 19 30	16 19 30
16 1 7 30 35	1 30 35
12 32 20	12 32 20
7 20 6 28 9	20 28 9
4 37 30 14	37 30 13
37 31 30	37 31 30
25 20 15	25 20 20
7 20 6 2	20 2 2
37 31 20	37 31 20
28 23 7 32 15	28 23 32
16 37 9 12 30	37 9 30
31 30 37	31 30 37
36 12 27	36 12 27
34 7 0	34 12 0
4 27 20 1	27 20 1
30 35 12	30 35 12
22 23 30 13 15	22 23 30
24 20 9 15	24 20 9
4 23 2	12 23 2
9 20 0	9 20 0
37 20 1 22	37 20 1 22
16 16 23 12 9	16 23 9
6 29 16 13 16	29 16 16
22 12 30	22 12 30
23 2 19	23 2 19
12 31 10	12 31 10
23 22 7 10	23 22 10
9 32 20	9 32 20
4 1 9 14	1 9 13
24 16 22 15	24 16 22
37 16 2	37 16 2
4 21 30 7 0	21 30 30
4 22 13	0 22 12
7 22 6 37 16 30	37 16 30
24 36 12 10 15	24 36 10
9 20 29	9 20 29
1 7 6	1 6 6
20 36 2	20 36 2
37 36 36	37 36 36
4 21 20	0 21 20
4 20 22 30	20 22 30
23 21 7 1	23 21 1
35 30	35 30 30
1 7 23	1 12 23
35 20 2	35 20 2
2 12 7 20	2 12 20
6 27 1 20	27 1 20
9 1 30 7	9 1 30
16 25 13	16 25 13
16 19 9 32	19 9 32
22 21 7	22 21 12
27 13 12 30	27 13 30
6 16 10 14	16 10 12
6 25 20 37	25 20 37
32 6 36	32 6 36
6 16 19 30	16 19 30
7 10 27 6 1	27 6 1
16 22 30 27	22 30 27
7 22 6 23 16	23 16 16
4 24	0 24 12
1 13 26 15	1 12 0
42 30 16	42 30 16
6 9 2 22	9 2 22
37 12 20	37 12 20
37 20 9 29	37 20 9 29
16 23 7 29 20 15	23 29 20
7 10 22 23 1	22 23 1
12 22 12 22	12 22 12 22
19 7 20	19 12 20
7 10 24 32 7 34	24 32 34
6 19 7 0 1	19 0 1
1 20 7 0 15	1 20 0
4 30 9 14	30 9 13
24 22 32	24 22 32
23 36 20	23 36 20
16 6 12 23 2	12 23 2
21 1 30	21 1 30
29 16 16	29 16 16
16 21 30 22	21 30 22
36 12 9	36 12 9
4 35 20 16	35 20 16
16 22 27	16 22 27
30 9 16 15	30 9 16
12 22 16	12 22 16
37 33 20	37 33 20
16 37 29 1	37 29 1
32 7 26 2 15	32 13 2
6 12 7 29 30	12 29 30
21 20 7 23	21 20 23
11 1 7 10	0 1 10
23 16 7 20	23 16 20
27 32 30	27 32 30
7 29 31 1 23	29 1 23
27 1 20 13	27 1 20
33 2 14	33 2 13
4 21 30 15	21 30 30
6 30	6 30 30
4 9 2 16	9 2 16
9 25 37	9 25 37
6 22 7 10 2	22 10 2
35 12 30	35 12 30
16 30 7 23 42 15	30 23 42
6 37 32 21	37 32 21
37 2 14	37 2 12
33 1 31	33 1 31
22 7 32 20	22 32 20
2 33 10	2 33 10
16 2 20 27	2 20 27
6 17 27 30	0 27 30
0 22 20	0 22 20
30 7 28 16	30 28 16
4 37 20 9	37 20 9
37 21 7 21	37 21 21
4 36 20 31	36 20 31
4 35 16 34	35 16 34
34 20	34 20 20
4 9 10 37	9 10 37
27 20 33	27 20 33
7 36 6 9 7 9	36 9 9
6 12 29 30	12 29 30
10 27 29	10 27 29
20 16 23	20 16 23
6 23 32 13 42	23 34 20
6 10 7 32 22 13	10 32 22
23 7 34 20	23 34 20
6 32 7 21 4	32 21 0
36 20 27	36 20 27
7 37 6 10 14	37 10 13
6 27 7 32 4	27 32 0
37 7 26 30 15	37 12 30
2 20 22	2 20 22
30 27 10	30 27 10
36 32 14	36 32 13
33 2 10 15	33 2 10
1 31 13 0	1 31 0
7 22 6 33 30 27	33 30 27
10 9 2	10 9 2
16 6 37 2 2	37 2 2
7 1 6 2 4	1 2 0
21 20	21 20 20
4 27 22 23	27 22 23
20 13 7 34 15	20 12 34
23 25 20	23 25 20
16 33 6 16	33 16 16
7 30 9 2 22	9 2 22
13 26 22	13 0 22
6 24 1 31	24 1 31
1 7 0	1 12 0
12 28 13 20	12 28 20
36 33 20	36 33 20
28 13	28 13 13
4 22 16 14	22 16 12
33 1	33 1 1
2 7 26 20 15	2 12 20
27 23 30	27 23 30
6 10 32 22	10 32 22
9 12 13	9 12 13
32 21 20	32 21 20
31 32 30	31 32 30
22 21 13 10	22 21 10
29 1 7	29 1 12
7 22 6 16 37	22 16 37
10 36 30	10 36 30
37 21 13 30	37 21 30
24 36 10	24 36 10
7 22 6 9 31 20	9 31 20
22 30 22 30 15	22 30 22 30
27 20 1	27 20 1
21 10 12 1	21 10 1
23 9 7 9	23 9 9
16 23 7 2 19	23 2 19
36 20 37	36 20 37
10 12 20	10 12 20
22 16 23	22 16 23
4 28 33 20	28 33 20
4 23 13 30	23 13 30
21 30 22	21 30 22
6 27 25 1	27 25 1
24 7 26 10	24 12 10
23 7 2	23 2 2
37 25 16	37 25 16
29 12 15	29 12 13
27 19 13 1	27 19 1
7 23 6 32 42	23 32 42
16 21 7 16 30 15	21 16 30
32 34 23	32 34 23
16 25 33 1	25 33 1
20 32 37	20 32 37
7 27 6 20 1	27 20 1
6 31 20 23	31 20 23
37 12 20 15	37 12 20
29 10 37	29 10 37
16 20 33 32	20 33 32
16 18 6 16 20	0 16 20
33 7 21 20	33 21 20
37 21 1	37 21 1
6 7 30	6 30 12
7 22 6 37 7 20	37 12 20
11 23 32 7 42	23 34 20
29 7 30 23	29 30 23
32 9 13 20	32 9 20
23 20 13 16	23 20 16
28 1 31	28 1 31
23 36 2	23 36 2
13 22 20	13 22 20
2 12 20	2 12 20
9 7 31 37	9 31 37
16 7 2 15	16 2 2
9 32 9 32	9 32 9 32
22 1 37 15	22 1 37
6 23 12 14	23 12 13
29 13 7 2	29 13 2
1 7 9	1 9 13
4 29 32 20	29 32 20
4 31 7 30	31 12 30
6 2 20 13 22	2 20 22
9 20 1 15	9 20 1
10 34 2	10 34 2
37 20 32	37 20 32
16 19 7 30 13	16 19 30
11 6 37 7 1	6 37 1
27 6 7 1	27 6 1
37 20 6 10	37 20 6 10
21 22 2	21 22 2
33 7 1	33 13 1
4 23 16 30	23 16 30
22 1 37	22 1 37
24 7 29	24 29 29
21 16 37	21 16 37
7 22 6 4 25 10	0 25 10
10 16 9	10 16 9
6 1 37	6 1 37
7 24 6 20 37	24 20 37
32 24 20	32 24 20
24 34 30	24 34 30
16 23 22 10	23 22 10
19 9 1 15	19 9 1
4 16 15	0 16 12
29 10 37	29 10 37
35 28 7 20 15	35 28 20
4 1 33 21	1 33 21
11 34 7 32 15	34 13 32
33 28	33 28 28
22 6 20 15	22 6 20
12 30 7 13 15	12 30 13
1 35 13	1 35 13
16 20 34	16 20 34
20 21 22	20 21 22
16 22 31 20 15	22 31 20
16 12 21	16 12 21
36 20 1 15	36 20 1
35 20 9	35 20 9
7 10 36 35 32	36 35 32
11 2 23 13	2 23 12
1 36 20 14	1 36 20
37 25 30 21	37 25 30 21
7 22 6 4 10 14	0 10 13
22 32 20	22 32 20
37 7 30 16	37 30 16
11 36 37 7 20	36 37 20
16 16 19 30 15	16 19 30
7 21 20 16 28	21 20 16 28
21 29 29	21 29 29
24 29 32	24 29 32
10 22 1	10 22 1
25 20 7	25 20 12
16 21 20 12 23	21 20 23
16 6 29 30	12 29 30
6 12 7 9 32	12 9 32
35 2 13 20	35 2 20
16 4 12 1	0 12 1
7 22 6 37 7 25	37 12 25
27 30 7 16	27 30 16
7 36 6 16 30	36 16 30
29 20 29 20	29 20 29 20
6 22 30 23	22 30 23
6 32 7 33 16	32 33 16
32 6 10 15	32 6 10
7 22 6 23 13 7 0	23 13 12
10 32 9	10 32 9
4 20 27 22	20 27 22
12 4 14	12 0 13
7 6 1 37	6 1 37
4 1 31 30	1 31 30
23 1 1	23 1 1
21 23 13 16	21 23 16
36 20 9	36 20 9
23 21 20 15	23 21 20
6 9 31 1	9 31 1
6 1 7 30 2	1 30 2
16 22 37 14	22 37 13
16 10 42 20	10 42 20
34 13 32	34 13 32
22 27 15	22 27 27
37 7 36 9	37 36 9
17 6 14	0 6 13
21 23 20	21 23 20
36 27 20	36 27 20
1 37 19	1 37 19
6 36 21 13 37	36 21 37
9 2 20	9 2 20
31 7 30 1	31 30 1
29 23 13	29 23 12
12 28 10	12 28 10
16 22 2	16 22 2
1 7 10	1 13 10
9 31 1	9 31 1
4 23 29 10	23 29 10
2 13 12 7 10	2 12 10
2 7 1 15	2 1 1
11 29 1 37	29 1 37
1 30 2 13 15	1 30 2
9 31 1	9 31 1
23 1 12 1 7 30 30 9 7 23	30 9 23
10 12 37	10 12 37
12 7 37 2	12 37 2
27 36 32	27 36 32
16 7 22 12 20 15	0 22 20
7 6 34 23	12 34 23
22 6 7 20 15	22 6 20
4 37 21 16	37 21 16
34 37 32	34 37 32
16 30 7 26 16	30 0 16
9 29 2	9 29 2
37 2 13 2	37 2 2
23 2 1	23 2 1
6 4 24 13 20	0 24 20
29 10 12 1 20	29 10 1 20
7 22 6 37 7 10	37 12 10
28 27 7 15	28 27 12
4 2 23 13	2 23 12
6 22 7 16 23	22 16 23
2 7 20	2 20 20
10 9 13	10 9 13
1 30 35	1 30 35
11 1 30 7 35	1 30 35
6 21 7 33 30	21 33 30
23 27 16	23 27 16
10 2 13	10 2 12
4 31 30 9	31 30 9
24 7 31 1	24 31 1
33 21 12 16	33 21 16
20 1 7	20 1 12
12 37 2	12 37 2
1 20 9	1 20 9
16 2 15	16 2 2
16 22 16 7 20	22 16 20
12 37 13	12 37 13
36 37 7 20	36 37 20
30 37 1	30 37 1
16 22 6 9 30	9 30 30
9 20 7 2	9 20 2
37 10 12 7 10	37 10 12
6 4 27 13 30	0 27 30
4 32 20 37	32 20 37
6 37 28 1	37 28 1
7 36 6 1 7 43 44	36 1 33
16 7 22	16 22 22
6 22 20 14	22 20 20
36 33 13 15 31 13 1 15	31 13 1
9 23 2	9 23 2
6 36 20 13 37 13	36 20 37
1 6 20	1 6 20
10 29 13 23 15	10 29 23
7 35 6 7 30	35 12 30
11 23 9 7 9	23 9 9
30 12 19	30 12 19
20 9 2	20 9 2
42 33 20	42 33 20
28 7 26 20	28 12 20
16 23 7 2 19 15	23 2 19
1 31 30	1 31 30
16 22 26 30 33	22 0 30
4 32 24 20	32 24 20
36 21 7 37 15	36 21 37
31 7 30	31 12 30
27 25 7 1	27 25 1
4 13 10	0 13 10
37 6 6	37 6 6
7 6 37 2	12 37 2
4 34 7 37	34 13 37
36 20 32 15	36 20 32
10 1 13 25	10 1 25
7 9 6 31 32	9 31 32
30 21	30 21 21
2 32 9	2 32 9
34 12 0	34 12 0
16 33 16 30	33 16 30
32 20 13 2	32 20 2
16 30 23 10	30 23 10
6 2 24 13 10	2 24 10
29 23	29 23 23
16 23 1 12 1	23 1 1
16 37 6 1 20	37 1 20
32 20 13 22 15	32 20 22
6 37 20 1	37 20 1
16 6 12 7 34 37	12 34 37
7 22 6 23 16 7 30	23 16 30
20 16 28	20 16 28
4 20 24 29	20 24 29
20 23 34	20 23 34
37 20 13 32	37 20 32
34 32 2 37	34 32 2 37
6 32 27 20	32 27 20
22 12 20 15	22 12 20
16 9 29 12 2	9 29 2
9 34 1	9 34 1
27 16 30	27 16 30
6 10 23 14	10 23 12
6 23 2	23 2 12
20 31 13 1	20 31 1
2 20 1	2 20 1
37 29 20	37 29 20
2 33 36	2 33 36
10 21 7 20	10 21 20
10 42 20 13 15	10 42 20
32 34 13	32 34 34
29 23 13 23	29 23 23
37 19 37 19	37 19 37 19
17 16 20	0 16 20
36 37 1	36 37 1
16 19 9 7 30	19 9 30
7 22 6 23 9	23 9 9
30 23 10	30 23 10
7 32 6 20 22	32 20 22
20 2 14	20 2 13
4 22 12 7 10	0 22 12
7 30 11 22 30 7 16	22 30 16
7 22 6 19 10 7 0	19 10 13
42 7 33 20	42 33 20
23 2 2	23 2 2
4 22 33 30	22 33 30
11 10 22 7 10	0 10 22
23 16 2	23 16 2
4 37 29 20	37 29 20
21 28 20	21 28 20
35 20 9	35 20 9
10 7 2 14	10 2 12
4 6 13	0 6 13
36 13 31 7 10	36 13 31
23 16 20 7 0	23 16 20
37 19 30	37 19 30
24 21 30	24 21 30
9 32 30	9 32 30
35 13 16 15	35 13 16
22 37 7 2 15	22 37 2
16 19 10	16 19 10
4 35 30 32	35 30 32
7 6 32 7 9	12 32 9
7 22 6 10 1 4	10 1 0
7 10 23 20 32	23 20 32
4 34 23 27	34 23 27
31 1 13	31 1 1
30 1 7 22	30 1 22
10 42 7 16	10 42 16
16 23 42 12 42	23 42 42
30 7 26 23 15	30 12 23
4 28 13 32	28 13 32
36 7 1	36 12 1
37 19 20	37 19 20
24 13 20	24 13 20
7 22 6 19 16 20	19 16 20
28 1 2	28 1 2
16 20 29 7 2	20 29 2
10 37 42	10 37 42
12 23 2	12 23 2
32 36 30	32 36 30
7 16 6 37 7 34	16 37 34
32 12 20	32 12 20
6 21 16 30	21 16 30
9 30 13 1	9 30 1
9 1 37	9 1 37
4 20 31 1	20 31 1
11 1 2 7 30	1 2 30
4 35 30 1	35 30 1
6 22 7 0 30	22 0 30
27 6 1	27 6 1
23 20 32	23 20 32
19 16 30	19 16 30
16 7 34	16 34 13
21 7 10	21 10 13
16 16 27 10	16 27 10
16 36 10 7 33	19 10 13
7 22 6 2 37 7 0	2 37 12
22 7 23 20	22 23 20
32 6 7 23	32 6 23
16 27 16 30	27 16 30
22 30 24	22 30 24
37 22 30	37 22 30
34 7 37	34 13 37
12 7 30 14	12 30 13
16 23 27 16 15	23 27 16
16 24 20 21	24 20 21
32 12 7 20 15	32 12 20
22 13 30	22 13 30
33 20 1	33 20 1
16 23 9	16 23 9
25 26 1	25 0 1
11 23 22 7 10	23 22 10
37 7 20 34	37 20 34
23 22 7 1	23 22 1
6 17 16 20	0 16 20
16 27 19	16 27 19
28 13 13	28 13 13
12 7 32 14	12 32 13
37 22 1	37 22 1
11 2 7 20 15	2 12 20
7 22 6 16 31 20	16 31 20
23 28 13 10	23 28 10
4 10 21 28	10 21 28
7 22 6 33 28 4	33 28 0
6 36 20 32	36 20 32
23 27 16 13	23 27 16
6 29 7 2 20	29 2 20
20 33 9	20 33 9
7 21 6 10 1	21 10 1
7 6 29 30	12 29 30
21 20 14	21 20 13
9 7 37 15	9 12 37
16 35 22 30 15	35 22 30
12 34 23	12 34 23
9 20 2 23	9 20 2 23
6 19 9 13 1	19 9 1
6 12 7 31 4	12 31 0
4 32 6 23	32 6 23
37 7 2 13	37 12 2
23 34 13 34	23 34 34
4 10 9 34	9 34 13
1 7 20 28	1 20 28
7 10 1 35 14	1 35 13
28 12 2	28 12 2
27 36 32	27 36 32
27 13 32	27 13 32
7 22 6 37 21 30	37 21 30
4 1 24 30	1 24 30
0 12 30	0 12 30
37 12 7 20	37 12 20
4 22 12 15	0 22 12
37 25 20 15	37 25 20
16 1 10 14	1 10 13
35 30 32	35 30 32
4 30 13 22	30 13 22
33 7 16	33 16 16
16 34 14	16 34 13
23 25 7 0	23 25 12
16 29 30 23 15	29 30 23
6 29 2 9	29 2 9
33 2 16	33 10 2 16
20 37 13 15	20 37 13
10 7 12 30	10 12 30
9 23 12	9 23 12
23 13 7	23 13 12
4 32 20 35	32 20 35
24 34 37	24 34 37
10 9 7 1	10 9 1
32 4 22	32 0 22
7 32 6 20 34	32 20 34
16 28 24 20 32	28 24 20 32
16 21 7 33 2 15	21 33 2
29 10 32	29 10 32
9 2 22	9 2 22
33 12 2	33 12 2
7 32 6 37 30	32 37 30
6 7 16	6 16 16
31 32 9	31 32 9
2 1 20	2 1 20
4 24 1 20	24 1 20
10 22 4	10 22 0
4 6 37 1	6 37 1
9 6 30	9 6 30
37 7 30 21	37 30 21
7 22 6 23 1 7 1	23 1 1
12 33 10	12 33 10
7 10 6 1 33	10 1 33
10 9 13	10 9 12
10 22 0	10 22 0
10 29	10 29 29
6 23 20 13 34 13	23 20 34
24 1 20	24 1 20
7 22 6 30 16	22 30 16
10 33 20	10 33 20
4 12 22 31	12 22 31
16 6 31 20 32	31 20 32
23 7 22 15	23 22 22
20 7 10	20 13 10
9 6 2	9 6 2
35 10 14	35 10 13
1 23 7 23	1 23 23
16 23 16 12 2	23 16 2
7 9 6 10 37	9 10 37
21 30 13 30	21 30 30
16 1 7 30 35 15	1 30 35
22 7 23	22 13 23
12 31 0	12 31 0
1 20 33 10	1 20 33
30 7 16 22	30 16 22
31 23 10	31 23 10
9 7 20 15	9 20 20
16 31 30 9	31 30 9
7 24 20 10 31 16	24 20 31 16
29 20 15	29 20 20
2 7 16	2 12 16
37 13 7 10	37 13 13
23 7 9	23 9 9
6 12 7 21 2	12 21 2
20 9 1 15	20 9 1
24 30 9 15	24 30 9
16 36 13	16 36 13
6 22 7 16 37	22 16 37
37 12 7 20 13	37 12 20
4 29 23	29 23 23
16 12 30 14	12 30 13
16 32 9 12 2	32 9 2
36 7 21 20	36 21 20
7 22 6 22 9 14	22 9 13
36 13 24	36 13 24
21 13 2	21 13 2
24 30	24 30 30
16 2 32 4 15	2 32 0
13 22 20	13 22 20
19 1 6	19 1 6
35 31 14	35 31 12
11 10 36 7 0	10 36 0
7 10 9 20 34	9 20 34
29 23 1	29 23 1
6 9 20 20	9 20 20
4 16 13 28	16 13 28
11 36 7 37 15	36 13 37
7 22 6 20 21 37	20 21 37
7 22 6 20 28 9	20 28 9
22 9 32	22 9 32
37 13 20	37 13 20
6 27 2 22	27 2 22
9 22 16	9 22 16
16 27 7 6 1	27 6 1
28 30 28 30	28 30 28 30
37 7 27 22	37 27 22
35 13 42	35 13 42
29 32 37	29 32 37
9 20 13 15	9 20 13
2 12 14	2 12 13
12 7 22 31 15	12 22 31
37 20 7 27	37 20 27
22 7 9 15	22 12 9
35 7 30 1 13 15	35 30 1
22 7 1 9	22 1 9
4 22 20 15	0 22 20
16 20 12 23 15	20 12 23
34 7 13 9	34 13 9
36 1 23	36 1 23
6 9 20 4	9 20 0
36 4 10	36 0 10
9 20 29 1	9 20 29 1
7 32 6 6 7 23 13	32 6 23
16 6 9 12 10	12 9 13
16 18 7 27 30 15	0 27 30
36 20 13 27	36 20 27
4 32 22 2	32 22 2
4 16 30 23	16 30 23
23 7 31	23 12 31
33 7 6 32	33 6 32
6 32 7 20 9	32 20 9
28 12 21	28 12 21
4 23 1	23 1 1
33 13 26 15	33 13 0
24 1 0	24 1 0
32 36 12	32 36 12
20 32 37	20 32 37
37 20 9 30	37 20 9 30
1 31 4	1 31 0
10 29 1	10 29 1
24 25 30	24 25 30
6 32 9 2	32 9 2
6 24 2 20	24 2 20
16 27 22 12 20	27 22 20
1 10 7 13 15	1 10 13
10 7 2	10 2 12
23 12 7 20	23 12 20
28 16 13 30	28 16 30
20 24 13 29	20 24 29
7 26 6 30 7 32	0 30 32
6 12 32 13 9	12 32 9
12 34 23	12 34 23
16 36 20 9	36 20 9
7 22 6 9 30 7 30	9 30 30
9 7 1 30 15	9 1 30
1 33 13 21	1 33 21
2 12 7 15	2 12 13
27 20 19	27 20 19
7 24 34 12 34 20	24 34 20
9 7 2	9 12 2
12 42 13 32 15	12 42 32
6 1 22 16	1 22 16
21 16 7 30	21 16 30
31 20 23	31 20 23
4 2 16 10	2 16 10
7 19 10 7 10	19 10 13
16 23 20 16 15	23 20 16
1 7 23 19	1 23 19
9 20 23 15	9 20 23
27 7 32 4	27 32 0
9 2 7 23 15	9 2 23
4 32 24 16	32 24 16
16 37 30 9	37 30 9
20 21 30	20 21 30
33 2 32	33 2 32
36 20 1	36 20 1
1 30 35	1 30 35
4 32 21 20	32 21 20
16 30 13 23	16 30 23
7 22 6 24 32 14	24 32 13
34 37 13 32	34 37 32
7 36 6 9	36 9 9
7 22 6 32 28	32 28 28
35 32 13 20	35 32 20
30 1 1	30 1 1
16 6 27 30 16	27 30 16
10 36 4	10 36 0
2 37	2 37 37
6 1 30 2	1 30 2
37 20 29	37 20 29
6 37 7 30 14	37 30 12
23 13 20	23 13 20
16 19 13 20	19 12 20
23 32 20	23 32 20
6 35 20 13 2	35 20 2
10 7 26 1	10 12 1
20 33 1	20 33 1
28 33 20 15	28 33 20
16 23 10	16 23 10
12 7 28 14	12 28 13
33 2 12 0	33 2 0
7 22 6 31 20 2	31 20 2
24 31 32	24 31 32
22 18 7 30	22 0 30
7 30 6 16 22	30 16 22
23 7 12 31	23 12 31
1 7 9 30 7	1 9 30
36 21 37	36 21 37
21 30 7 30 15	21 30 30
7 22 6 10 21 2	10 21 2
16 34 24 15	34 24 24
4 21 12 2	21 12 2
24 2	24 2 2
21 16 7 37	21 16 37
19 12 20 15	19 12 20
4 20 2 4	20 2 0
28 12 21 15	28 12 21
19 9 1	19 9 1
10 4 14	10 0 13
23 9 9	23 9 9
35 7 26 1	35 13 1
31 32 4	31 32 0
7 22 6 24 1 20	24 1 20
36 32 7 32	36 32 32
2 7 10	2 13 10
4 22 16 37	22 16 37
7 10 6 29 7 20	10 29 20
7 36 6 33 20	36 33 20
21 7 33 30	21 33 30
37 29 16	37 29 16
22 30 22 30	22 30 22 30
4 21 16 30	21 16 30
4 37 7 10	37 12 10
24 31 1 15	24 31 1
32 20 34	32 20 34
10 42 16	10 42 16
16 21 7 2 30 15	21 2 30
32 20 23	32 20 23
31 20 32	31 20 32
28 24 20 32	28 24 20 32
6 21 10 22	21 10 22
16 20 6 1 27	20 1 27
16 25 1 23 15	25 1 23
16 1 6 25 30	1 25 30
7 6 9 14	12 9 13
37 7 9 1 15	37 9 1
7 10 1 19	1 19 19
37 31 32	37 31 32
4 22 16 20	22 16 20
7 1 6 22 7 16 15	1 22 16
37 7 16 13	37 16 16
33 10 2 22	33 10 2 22
20 22 7 30 15	20 22 30
36 1	36 1 1
6 19 10	19 10 13
20 36 13 2	20 36 2
7 22 6 23 7 30	23 12 30
23 16 14	23 16 13
6 37 20 9	37 20 9
28 20 2	28 20 2
36 20 16	36 20 16
23 2 7	23 2 12
4 10 12 20	10 12 20
10 7 30	10 13 30
1 12 9	1 9 9
37 7 30	37 30 12
21 7 16 37	21 16 37
7 10 9 20 4	9 20 0
21 7 22 12 22 15	21 22 22
6 30 37 1	30 37 1
16 21 32 30	21 32 30
37 19 9	37 19 9
37 25 30 9	37 25 30 9
12 35 20	12 35 20
7 30 9 7 37 2 15	9 37 2
4 9 2 20	9 2 20
6 20 21 16	6 20 21 16
6 23 20 32	23 20 32
20 23 16 15	20 23 16
16 25 7 27 20 15	25 27 20
6 25 27 7 20	25 27 20
22 20 9	22 20 9
7 22 6 20 21 30	20 21 30
24 13 20	24 13 20
10 1 7 6	10 1 6
22 4 30	22 0 30
9 2 16	9 2 16
37 30 16	37 30 16
37 28 13	37 28 13
33 2 13	33 2 13
29 2 37	29 2 37
32 31 20	32 31 20
10 31 32	10 31 32
16 23 20 16	23 20 16
6 29 1 20	29 1 20
16 29 10 37	29 10 37
23 28 10	23 28 10
9 7 16	9 12 16
16 16 31 20 15	16 31 20
7 10 33 28 16	33 28 16
16 7 20 22	16 20 22
22 37 2	22 37 2
4 23 22 10	23 22 10
2 23 20 21	2 23 20 21
2 7 20 21 15	2 20 21
37 1 16	37 1 16
4 1 6 20	1 6 20
22 12 13	22 12 13
4 23 1 31	23 1 31
4 12 32 9	12 32 9
23 30 12 14	23 30 12
23 28 16	23 28 16
4 20 24	0 20 24
36 32 15	36 32 33
4 31 28 21	31 28 21
6 1 7 37	6 1 37
20 21 37	20 21 37
20 28 28	20 28 28
12 23 2 7 10 13 15	12 23 2
30 23 42	30 23 42
21 1 20	21 1 20
4 37 20 1	37 20 1
10 23 30	10 23 30
36 21 20	36 21 20
10 21 23	10 21 23
2 16 20	2 16 20
6 27 6 13 1	27 6 1
27 13 7 10	27 12 10
6 23 22 10	23 22 10
6 21 10 1	21 10 1
16 9 33 14	9 33 12
34 7 2	34 2 2
29 16 12 2	29 16 2
9 7 30	9 12 30
16 30 23 12 10	30 23 10
4 21 25 1	21 25 1
7 10 6 9 34	10 9 34
24 6 10	24 6 10
27 6 13 1	27 6 1
27 1 22	27 1 22
23 30 7 1	23 30 1
7 22 6 37 7 20 15	37 12 20
25 1 7 1	25 1 1
35 22 30	35 22 30
12 27 2	12 27 2
24 31 26	24 31 0
24 2 37	24 2 37
22 30 22	22 30 22
21 30 30	21 30 30
35 30 32	35 30 32
9 6 30	9 6 30
12 29 13 15	12 29 13
20 23 30	20 23 30
35 30 13 42	35 30 42
28 27 7 16	28 27 16
16 2 12 10 15	2 12 10
22 1 23	22 1 23
19 9 13 30	19 9 30
7 30 6 9 31	30 9 31
1 25 20	1 25 20
10 12 14	10 12 13
31 37 16	31 37 16
22 21 2	22 21 2
32 7 26 28	32 12 28
6 7 1 37	6 1 37
33 25 13 7 10	33 25 13
7 24 6 31 32	24 31 32
6 22 16 37	22 16 37
32 7 22 2	32 22 2
1 7 30 33 10 7 0 12 7 30 36 32 7 0	33 10 0
29 7 32	29 32 12
9 34 13 1	9 34 1
24 30 31	24 30 31
16 23 7 32 42 15	23 32 42
16 27 7 10 15	27 12 10
22 16 13	22 16 12
16 2 14	16 2 13
4 30 13 16	0 30 16
16 23 13 31	23 12 31
31 13 10	31 13 10
4 19 10 7 0	19 10 13
4 12 21 1	12 21 1
21 33 30	21 33 30
37 21 12 30	37 21 30
29 30 23	29 30 23
6 36 12 13 9	36 12 9
33 7 30	33 12 30
30 31 13 32	30 31 32
12 20 7 0	12 20 13
6 16 6 16	6 16 6 16
11 6 7 12 15	0 6 12
4 16 19 30	16 19 30
7 9 36 37 20	9 36 37 20
24 13 7 10 15	24 12 10
4 24 12 32	24 12 32
7 24 6 13 7 20	24 13 20
1 22 7 31	1 22 31
4 12 22 16	12 22 16
36 6 7 0	36 6 12
12 37 7 0	12 37 13
27 37 27 15	27 37 27
16 6 9 2 16	9 2 16
16 1 6 2 26	1 2 0
32 22 20	32 22 20
30 7 23 9	30 23 9
30 37 1 15	30 37 1
16 23 6 12 14	23 12 13
31 20 31 12 20	31 20 31 20
25 12 9	25 12 9
6 23 16 30	23 16 30
22 20	22 20 20
11 24 6 30 7 30	24 30 30
20 2 13 0	20 2 0
11 37 2 7 16	37 2 16
37 20 7 0	37 20 13
22 30 9	22 30 9
9 2 13 22	9 2 22
10 16	10 16 16
31 7 37	31 12 37
4 10 7 20	10 12 20
12 29 32 15	12 29 32
4 9 20	9 20 20
12 7 30 2	12 30 2
6 23 2 19	23 2 19
16 20 7 21 37	20 21 37
10 1 24	10 1 24
4 2 7 15	0 2 12
12 20 31	12 20 31
4 16 30 27	16 30 27
24 32 13	24 32 13
36 7 31 26	36 31 0
22 7 9	22 12 9
23 30 7 9	23 30 9
10 28 30	10 28 30
32 7 6 23 15	32 6 23
4 37 16	37 16 16
7 25 30 12 30 14	25 30 13
16 16 30 27 15	16 30 27
9 20 2	9 20 2
37 19 19	37 19 19
23 7 29 20	23 29 20
22 30 31 15	22 30 31
9 1 20	9 1 20
35 16 12 34	35 16 34
4 1 4 22	1 0 22
6 23 6	6 23 6
16 30 37 1	30 37 1
19 9 7 32 15	19 9 32
12 20 27	12 20 27
4 28 1	28 1 1
20 27 22	20 27 22
7 10 9 31 37	9 31 37
9 37 2	9 37 2
16 23 20 27	23 20 27
4 37 6 10	37 6 10
20 7 32 9	20 32 9
37 29 1	37 29 1
7 16 20 4 15	16 20 0
36 13 12 30	36 13 30
24 1 20	24 1 20
7 24 34 20	24 34 20
4 1 20 4	1 20 0
9 7 32 30 15	9 32 30
32 2 13 15	32 2 13
4 37 9 30	37 9 30
20 2 33 15	20 2 33
7 24 20 10 16 22	24 20 16 22
27 30 32	27 30 32
37 2 30	37 2 30
21 7 28	21 12 28
23 30 7 30	23 30 30
12 27 13 30	12 27 30
4 36 33 30	36 33 30
9 16 23	9 16 23
10 29 23	10 29 23
6 12 20 31	12 20 31
4 24 25	0 24 25
29 32 37 15	29 32 37
12 9 37	12 9 37
12 21 2	12 21 2
7 16 6 30 27	16 30 27
16 20 7 20 15	16 20 20
16 9 7 22	9 13 22
31 7 26 20 15	31 13 20
7 22 6 9 6 30	9 6 30
7 10 27 32	27 32 32
7 22 6 24 2 7 16	24 2 16
6 1 2 13 30	1 2 30
16 33 2 13	33 2 13
22 23 20	22 23 20
16 6 4 24 20	0 24 20
9 20 34	9 20 34
4 22 30 27	22 30 27
4 36 35 30	36 35 30
4 12 22 37	12 22 37
27 7 32 15	27 32 32
1 35 14	1 35 13
6 12 9 37	12 9 37
7 22 6 9 7 30	9 13 30
16 27 12 7 15	27 12 13
0 27 30	0 27 30
9 31 13 32 15	9 31 32
1 33 21	1 33 21
31 7 9 15	31 12 9
21 7 33 2	21 33 2
37 42 13 16	37 42 16
20 6 30	20 6 30
16 35 25	35 25 12
1 37 12 34 15	1 37 34
31 37 10	31 37 10
6 20 21 16 7 10	6 20 21 16
20 12 23	20 12 23
9 7 37	9 12 37
1 20 33 7 10	1 20 33
16 1 7 20 27 15	1 20 27
9 20	9 20 20
35 25 7	35 25 12
37 12 2	37 12 2
21 30 22 15	21 30 22
6 42 7 33 20	42 33 20
6 30 33 16	30 33 16
4 20 12 23	20 12 23
16 13 16 12 10	13 16 10
4 32 30 22	32 30 22
4 20 7 23	20 12 23
21 25 7 1	21 25 1
12 34 7 23	12 34 23
1 13 37	1 13 37
9 12 22	9 12 22
16 21 6 16 37	21 16 37
7 10 24 20 31	24 20 31
37 10 13 32	37 10 32
7 32 6 6 23	32 6 23
29 27	29 27 27
7 10 6 42 7 16	10 42 16
6 4 30 32	0 30 32
9 23 32	9 23 32
21 33 2	21 33 2
9 30 9	9 30 9
22 30 37 15	22 30 37
1 25 30 15	1 25 30
23 2 19 7 10	23 2 19
35 28 30	35 28 30
4 29 7 1	29 12 1
33 1 7 0	33 1 12
16 24 7 16 20 15	24 16 20
16 9 7 13 22 15	9 13 22
37 16 12 2	37 16 2
29 13 2	29 13 2
4 35 10 13 15	35 10 13
24 31 16	24 31 16
20 21 32	20 21 32
23 2 12 19	23 2 19
4 16 20 34	16 20 34
22 16 13 20	22 16 20
35 2 7 0	35 2 12
6 23 12 31	23 12 31
6 12 37 13 15	12 37 13
22 30 31	22 30 31
29 23 12	29 23 12
2 7 32 26	2 32 0
4 22 10 2	22 10 2
2 22 7 20	2 22 20
29 2 7 16	29 2 16
7 23 20 10 21 16	23 20 21 16
28 33 20	28 33 20
10 12 16	10 12 16
6 20 2	20 2 13
6 21 16 37	21 16 37
27 32	27 32 32
36 20 27 15	36 20 27
10 1 6	10 1 6
9 7 13 22	9 13 22
23 16 7 16	23 16 16
16 36 21 37	36 21 37
12 30 7 37 15	12 30 37
9 20 36 23	9 20 36 23
37 30 12 13	37 30 12
4 37 20 32	37 20 32
36 33 2	36 33 2
4 1 9	0 1 9
4 10 37 16	10 37 16
1 20 9 13 15	1 20 9
4 29 30 14	29 30 13
16 19 7 10 15	19 10 13
1 10 13 15	1 10 13
4 23 2 19	23 2 19
9 32 28	9 32 28
4 12 37 2	12 37 2
22 21 10	22 21 10
24 30 13 9	24 30 9
20 23 16 10	20 23 16
4 24 13 20	0 24 20
32 6 14	32 6 13
7 19 10 14	19 10 13
6 7 20 13 24	0 20 24
16 18 22 22	0 22 22
16 22 30 24	22 30 24
12 29 32	12 29 32
2 20 22	2 20 22
6 25 27 20	25 27 20
10 9 34	10 9 34
4 31 12 37	31 12 37
24 29 29	24 29 29
27 20 22 13	27 20 22
24 22 20	24 22 20
4 29 37 1	29 37 1
27 16 12 10	27 16 10
23 13 15	23 12 13
6 1 30 13 2	1 30 2
16 22 32 12 23	22 32 23
2 19 20	2 19 20
23 31 7 16	23 31 16
29 23 23	29 23 23
7 10 21 20 7 32	21 20 32
23 32 13 2 15	23 32 2
4 34 37 32	34 37 32
35 1 13	35 1 12
20 24 29 15	20 24 29
6 25 27 20 15	25 27 20
29 2 9	29 2 9
4 36 33 2	36 33 2
16 1 30 35	1 30 35
6 24 32 13 34	24 32 34
2 9 15	2 9 9
7 10 31 32 4	31 32 0
32 27 20	32 27 20
1 30 7 31	1 30 31
6 34 12 4	34 12 0
20 33 32	20 33 32
10 23 6	10 23 6
37 20 27	37 20 27
21 20 18	21 20 0
16 32 7 21 4 15	32 21 0
16 18 12 1	0 12 1
7 22 6 9 1 30	9 1 30
34 7 21 37	34 21 37
12 33 1	12 33 1
35 20 1 15	35 20 1
12 21 13 33	12 21 33
6 20 6 1	20 6 1
9 23 28 30	9 23 28 30
30 9 1	30 9 1
24 7 32	24 12 32
29 7 23 1 15	29 23 1
4 10 36 4	10 36 0
37 20 36	37 20 36
4 16 2	16 2 2
33 7 21 16	33 21 16
35 7 26 16	35 13 16
22 13 2	22 12 2
20 26 13 22	20 0 22
16 29 37 2	29 37 2
37 12 2	37 12 2
34 7 1 31	34 1 31
23 20 13 29	23 20 29
4 20 34 14	20 34 13
32 12 6	32 12 6
4 36 20 32	36 20 32
37 2 9	37 2 9
16 10 7 20	10 12 20
30 13 10	30 13 10
30 12 7 0	30 12 13
11 21 20 7 0	21 20 13
37 2 20	37 2 20
9 30	9 30 30
16 20 28 12 9	20 28 9
16 19 13 30	16 19 30
4 31 32 4	31 32 0
2 16 20	2 16 20
29 37 9	29 37 9
37 25 9	37 25 9
29 12 20	29 12 20
16 27 12 14	27 12 13
35 7 34 1	35 34 1
19 1 6	19 1 6
4 32 9 20	32 9 20
37 9 2 15	37 9 2
24 29 29	24 29 29
7 21 6 16 37	21 16 37
6 7 21 20	6 21 20
37 36	37 36 36
7 28 2 12 7 21	28 12 21
37 25 1	37 25 1
16 23 7 34 20	23 34 20
31 30 7 0	31 30 13
27 32 7 0 15	27 32 0
16 12 16 22	12 16 22
16 7 22 23	16 22 23
7 23 6 36 2	23 36 2
10 7 9 34	10 9 34
20 21 37	20 21 37
1 2 10	1 2 10
16 12 7 32 9	12 32 9
28 7 10 13 15	28 10 13
7 21 30 37 2	21 30 37 2
6 27 7 19 20	27 19 20
37 1 0	37 1 0
11 9 7 30 15	9 13 30
16 36 33 2	36 33 2
1 13 37	1 13 37
4 12 2 37	12 2 37
11 13 16 7 10	0 16 10
2 12 30	2 12 30
6 32 31 20	32 31 20
29 10 16	29 10 16
28 1 20 15	28 1 20
23 29 2	23 29 2
28 24	28 24 24
6 9 7 31 37	9 31 37
6 13 22 20	13 22 20
7 10 6 42 20	10 42 20
6 12 32 14	12 32 13
16 33 7 21 16	33 21 16
29 1 13 23	29 1 23
37 9 20	37 9 20
31 7 20 23	31 20 23
23 30 16	23 30 16
27 32 32	27 32 32
31 1 13 1	31 1 1
21 7 16 37 15	21 16 37
23 16 7 15	23 16 12
11 30 35 7 0	30 35 12
4 37 7 20	37 12 20
36 27	36 27 27
29 7 16 6	29 16 6
6 23 22 13 10	23 22 10
10 7 33 34	10 33 34
16 10 36 7 20	10 36 20
22 7 27 10	22 27 10
22 20 37	22 20 37
16 37 9 2	37 9 2
6 10 36 31	10 36 31
37 1 30	37 1 30
9 30 14	9 30 13
16 24 28 10	24 28 10
10 33 1	10 33 1
29 20 23	29 20 23
2 16 7 35 13	2 16 35
27 1 13 20	27 1 20
16 16 6 30 26	16 30 0
34 23 27	34 23 27
16 20 12 36	20 12 36
10 33 13	10 33 13
1 24 12 20	1 24 20
9 30 30	9 30 30
16 23 7 27 16 15	23 27 16
31 12 13 30	31 12 30
10 23 20	10 23 20
32 7 6	32 12 6
36 37 20	36 37 20
7 34 31 20	34 20 20
9 25 20	9 25 20
16 20 6 7 23	20 12 23
0 16 20	0 16 20
27 22 30	27 22 30
22 12 13	22 12 13
36 32 9 15	36 32 9
7 22 6 37 16 20	37 16 20
10 27 20	10 27 20
1 10 13	1 10 13
36 20 7 37	36 20 37
35 12 20	35 12 20
7 37 6 1 20	37 1 20
7 22 6 16 22 27	16 22 27
4 19 9 30	19 9 30
6 16 25 33 1	25 33 1
2 16 7 35	2 16 35
10 32 9	10 32 9
35 20 13 1	35 20 1
29 10 1 12 20	29 10 1 20
37 28 32	37 28 32
32 23 16	32 23 16
16 22 7 1 9 15	22 1 9
16 21 7 33 2	21 33 2
23 13 7 30	23 12 30
23 7 9 9	23 9 9
4 30 23 9	30 23 9
4 2 9	2 9 9
2 37 12 14	2 37 12
4 35 30 42	35 30 42
16 22 6 37 2	37 2 2
37 20 1	37 20 1
37 1 2	37 1 2
6 4 1 2	0 1 2
4 32 10 14	32 10 13
23 20 27 15	23 20 27
24 32 13	24 32 13
27 19 20	27 19 20
6 31 12 20	31 12 20
7 24 34 30 7 30	24 34 30
33 12 7 13 15	33 12 13
30 37 7 1	30 37 1
7 22 6 30 33 16	30 33 16
16 20 22 16	20 22 16
	6 36 20
20 32 9	20 32 9
32 2 7 0	32 2 13
9 34 13	9 34 13
4 31 20 32	31 20 32
23 25 32	23 25 32
7 22 6 21 16 7 37	21 16 37
23 20 7 9	23 20 9
29 23 15	29 23 23
7 30 20 1	20 1 1
4 37 2	37 2 2
23 27 16 15	23 27 16
23 27 16	23 27 16
24 30 37	24 30 37
4 12 32 20	12 32 20
1 37 34	1 37 34
10 36 7 0	10 36 12
16 20 13 34	16 20 34
4 22 16 27	22 16 27
4 16 34 14	16 34 13
7 22 6 23 32 42	23 32 42
16 22 6 12 29 32	12 29 32
1 20	1 20 20
7 24 6 20 9	24 20 9
6 27 12 13 6	27 12 6
16 22 7 0	16 22 12
6 2 16 20	2 16 20
37 36 9	37 36 9
20 4 14	20 0 13
7 24 6 16 7 20	24 16 20
23 29 13	23 29 13
6 1 20 13 20	1 20 20
16 23 7	16 23 12
23 2 12 15	23 2 2
16 12 30	16 12 30
7 22 6 37 20 34	37 20 34
30 13 22	36 13 0
16 42 30 16	42 30 16
6 22 30 14	22 30 12
37 36 7 0	37 36 12
4 37 30 10	37 30 10
27 20 7 33 13 15	27 20 33
21 7 0	21 13 0
22 12 20	22 12 20
24 12 32	24 12 32
9 22 31	9 22 31
16 37 21 12 10	37 21 10
7 22 6 20 2	20 2 2
29 16 16	29 16 16
29 37 1	29 37 1
4 22 20	22 20 20
6 28 12 13 2	28 12 2
21 10 15	21 10 10
35 20 1	9 20 1
16 18 27 30	0 27 30
27 22 1	27 22 1
4 42 33 20	42 33 20
9 31 10	9 31 10
10 1 28	10 1 28
6 12 6 20	12 6 20
27 37 27	27 37 27
21 25 1	21 25 1
37 16 20	37 16 20
9 7 2 16	9 2 16
37 21 20	37 21 20
12 30 14	12 30 13
17 30 16	0 30 16
7 23 16 20	23 16 20
20 13 10	20 13 10
4 12 20 19	12 20 19
20 23 16	20 23 16
36 7 20 27	36 20 27
16 34 16 12 10	34 16 10
10 16 7	10 16 12
6 12 9 13 32	12 9 32
19 4 20	19 0 20
16 9 6 34 1	9 34 1
1 27 14	1 27 13
6 17 30 32	0 30 32
37 2 2	37 2 2
7 20 6 21 14	20 21 12
1 20 27	1 20 27
16 9 20	9 20 20
6 37 7 2 30	37 2 30
4 24 34 30	24 34 30
1 20 0	1 20 0
32 34 15	32 34 34
20 7 2	20 2 2
7 22 30 10 31 37	22 30 31 37
21 1 10	21 1 10
6 10 9 34	10 9 34
12 22 37	12 22 37
4 31 20 1	31 20 1
6 27 20 33	27 20 33
19 30 19	19 30 19
22 30 16	22 30 16
36 2 2	36 2 2
4 24 30 29	24 30 29
16 23 6 20 32	23 20 32
31 1 9 15	31 1 9
4 12 23 36	12 23 36
16 24 31 31	24 31 31
9 7 2 20	9 2 20
9 30 13 30	9 30 30
7 23 6 7 21	23 12 21
7 6 22 24	12 22 24
16 20 34	16 20 34
9 29	9 29 29
29 30 12 15	29 30 12
6 12 21	6 12 21
35 30 7 13 15	35 30 13
25 20 4	25 20 0
4 16 30 4	16 30 0
24 28 7 10 15	24 28 10
10 28 37	10 28 37
7 37 6 9 30	37 9 30
4 22 1 9	22 1 9
23 36 20 15	23 36 20
36 7 35 30	36 35 30
9 7 22	9 13 22
4 37 28 1	37 28 1
6 30 7 18 16	30 0 16
28 16 10	28 16 10
24 12 30	24 12 30
6 12 27 30	12 27 30
23 30 13 1	23 30 1
27 20 20	27 20 20
6 22 7 27 10	22 27 10
7 22 6 29 2 20	29 2 20
1 7 37	1 13 37
24 20 31	24 20 31
32 20 21	32 20 21
22 27 13 10	22 27 10
24 30 14	24 30 12
25 20 37	25 20 37
10 29 23	10 29 23
36 35 30	36 35 30
32 24 25	32 24 25
6 21 20	6 21 20
37 9 13 16	37 9 16
20 21 7	20 21 12
1 2 20	1 2 20
7 21 6 16 7 37 13 15	21 16 37
22 16 27 15	22 16 27
9 16 20 15	9 16 20
35 7 26 20	35 13 20
16 29 2 12 20	29 2 20
1 2 13 30	1 2 30
37 21 10	37 21 10
1 2 4	1 2 0
19 7 10 12 13	19 10 13
16 35 34 12 1	35 34 1
9 1 9 1	9 1 9 1
9 20 7 0 15	9 20 0
6 23 25 13 20	23 25 20
7 13 6 16 20	0 16 20
30 31 32	30 31 32
22 13 7 23 15	22 13 23
4 31 20 14	31 20 13
16 22 27	16 22 27
4 12 29 14	12 29 13
29 30 14	29 30 12
1 12 9	1 12 9
29 1 13	29 1 12
1 7 30 33 10 7 0 12 7 30 36 32 7 0	36 32 13
37 1 20 13	37 1 20
9 7 20 1	9 20 1
24 30 2	24 30 2
7 22 6 2 30	2 30 30
4 22 16 23	22 16 23
2 12 20	2 12 20
22 16 23	22 16 23
10 2 2	10 2 2
16 20 7 22 30	20 22 30
23 2 13 19	23 2 19
7 37 6 9 7 30	37 9 30
10 2 1	10 2 1
24 16 20	24 16 20
37 2 32	37 2 32
30 32 42	30 32 42
32 12 9	32 12 9
37 21 28	37 21 28
29 12 1	29 12 1
4 29 20	29 20 20
31 13 13 20 15	31 13 20
21 7 32	21 32 32
7 23 6 27 20	23 27 20
23 10 13 32	23 10 32
37 25 1	37 25 1
6 10 12 20	10 12 20
16 32 7 28 15	32 12 28
16 10 7 22 1 15	10 22 1
7 10 6 29 20	10 29 20
10 23 32	10 23 32
16 18 16 10	0 16 10
6 2 7 37	2 37 12
4 30 32 14	30 32 12
33 16 28 15	33 16 28
16 34 7 13 9	34 13 9
4 37 28	37 28 28
32 20 37	32 20 37
10 21 2	10 21 2
1 23 7 19	1 23 19
9 2 23	9 2 23
16 22 7 32 15	22 12 32
11 13 6 7 0	0 6 13
16 22 7 12	22 12 13
2 7 0	2 12 13
30 33 16	30 33 16
23 20 16	23 20 16
4 35 1 20	35 1 20
1 2 30	1 2 30
25 27 20	25 27 20
22 10 2	22 10 2
22 20 13 15	22 20 20
23 42	23 42 42
4 1	0 1 12
16 9 2 16	9 2 16
11 2 20 13 22	2 20 22
6 33 20 1	33 20 1
37 1 12	37 1 12
11 16 7 16	0 16 16
37 25 32	37 25 32
16 20 13 23	20 12 23
12 22 31	12 22 31
4 30 33 16	30 33 16
32 37 30	32 37 30
6 1 30 13 35	1 30 35
16 22 6 37 16 20	37 16 20
16 27 10 22 15	27 10 22
16 27 6 12 1	27 6 1
4 35 1 14	35 1 13
1 30 7 35	1 30 35
32 20 12 35	32 20 35
	13 2 2
29 7 10 37	29 10 37
7 1 30 7 21	1 30 21
4 20 24 14	20 24 13
7 30 30 7 6	30 6 6
22 20 13 20	22 20 20
42 20 32 13 15	42 20 32
16 10 36 32 15	10 36 32
23 1 31	23 1 31
16 1 7 20 28	1 20 28
4 20 13 27 15	0 20 27
16 2 7 20 22	2 20 22
35 13 20	35 13 20
7 26 6 16 20	0 16 20
9 20 7 20 15	9 20 20
4 10 32 22	10 32 22
16 6 28 16 6	28 16 6
12 32 9	12 32 9
6 10 23 30	10 23 30
6 34 16 10	34 16 10
32 20 35	32 20 35
4 12 30	0 12 30
6 25 12 9	25 12 9
4 2 33 36	2 33 36
22 7 0	22 12 0
16 24 2 20	24 2 20
16 4 6 14	0 6 13
29 30 14	29 30 13
35 31 22	35 31 22
23 36 13 36	23 36 36
37 22 21	37 22 21
27 25 1	27 25 1
28 7 26 2	28 13 2
9 25 25	9 25 25
16 24 13 16	24 13 16
16 20 36 15	20 36 36
34 32 13 20 15	34 32 20
4 13 2	0 13 2
16 32 34 30	32 34 30
37 28 1	37 28 1
30 23 7 32	30 23 32
7 29 31 7 2	29 13 2
11 13 7 27	0 13 0
7 22 6 23 22 7 10	23 22 10
6 4 16 30	0 16 30
6 32 20 13 35	32 20 35
1 30 7	1 30 12
1 36 20 13	1 36 20
31 1	31 1 1
16 22 12 2	22 12 2
16 23 7 34 20 15	23 34 20
2 20 21 15	2 20 21
4 24 36 10	24 36 10
27 22 30 7 10	27 22 30
32 12 34 14	32 12 34
4 28 16 15	0 28 16
2 24 10	2 24 10
36 20 13 32	36 20 32
16 10 29 1	10 29 1
10 42 16	10 42 16
17 24 20	0 24 20
4 16 13 20	0 16 20
22 37 20	22 37 20
4 2 10 14	2 10 12
37 7 12 10	37 12 10
7 22 6 10 32 7 2	10 32 2
23 12 14	23 12 13
37 30 7 12 15	37 30 12
37 16 30	37 16 30
23 2 13 2	23 2 2
37 20 20	37 20 20
9 7 6 30	9 6 30
25 20 7 37	25 20 37
12 7 32 9	12 32 9
4 21 32	21 32 32
20 2 2	20 2 2
35 7 1	35 13 1
4 10 21 2	10 21 2
7 37 6 16 20	37 16 20
7 23 6 36 7 2	23 36 2
6 12 9 32	12 9 32
20 7 36 2	20 36 2
7 22 6 12 20 31	12 20 31
21 20 2	21 20 2
6 2 12 20	2 12 20
23 29 7 20	23 29 20
9 1 34	9 1 34
7 23 9 12 9 32	23 9 32
16 21 30 15	21 30 30
11 24 7 32 15	24 12 32
37 20 12 22	37 20 22
7 10 1 22 31	1 22 31
36 24 7 10	36 24 24
4 10 1 4	10 1 0
16 10 37	16 10 37
20 27 30	20 27 30
7 10 32 31 20	32 31 20
21 30 22	21 30 22
24 30 13 21	24 30 21
6 20 7 32 37	20 32 37
4 22 30 16	22 30 16
7 34 31 20 1	34 20 1
10 22 30	10 22 30
37 7 16 30	37 16 30
9 7 20 34	9 20 34
16 9 7 16	9 12 16
4 9 6 30	9 6 30
7 9 6 20 1	9 20 1
16 16 22 12 23	16 22 23
36 30 12 7 20	22 1 30
20 1 23	20 1 23
12 27 28	12 27 28
24 29 16	24 29 16
16 22 2 22	22 2 22
4 1 30 35	1 30 35
12 23 2	12 23 2
29 20 7 32	29 20 32
16 21 7 28	21 12 28
21 13 1	21 13 1
32 20 9	32 20 9
12 7 6 20	12 6 20
1 13 10 12 10 15	1 13 10
7 23 6 16 7 30	23 16 30
1 2	1 2 2
37 28 16	37 28 16
12 21 1	12 21 1
16 4 16 12 20	0 16 20
16 29 2 20	29 2 20
4 36 7 2	36 13 2
36 27 7	36 27 12
31 30 1	31 30 1
7 22 6 9 30	9 30 30
9 2 13 20	9 2 20
12 29 30 15	12 29 30
4 1 20 9	1 20 9
31 1 7 24	31 1 24
12 21 2	12 21 2
16 2 24 30	2 24 30
24 22 20	24 22 20
16 29 30 14	29 30 12
36 9 7 0	36 9 12
6 36 24 29	36 24 29
36 7 27 20	36 27 20
25 33 10	25 33 10
9 6 16	9 6 16
7 27 6 32 14	27 32 13
24 25 30	24 25 30
4 20 2 32	20 2 32
23 29 14	23 29 13
32 29 23	32 29 23
7 24 6 31 7 32	24 31 32
32 34 30	32 34 30
32 7 20 22	32 20 22
7 37 6 16 30	37 16 30
12 37 42	12 37 42
21 33 28	21 33 28
37 13 10	37 13 10
29 7 1 23	29 1 23
10 31 10 13 31 15	10 31 10 31
24 1 4	24 1 0
9 20 29 16	9 20 29 16
16 10 6 42 16	10 42 16
33 7 2	33 12 2
6 4 19 20	0 19 20
11 20 33 7 1	20 33 1
10 22 1 15	10 22 1
4 35 30 14	35 30 12
30 7 26 9	30 13 9
1 20 33 10	1 20 0
23 32 30 15	23 32 30
16 23 20 7 1	23 20 1
6 20 21 30	20 21 30
42 10	42 10 10
23 28 7 16	23 28 16
37 20 22	37 20 22
16 18 30 32	0 30 32
6 12 9 13 37	12 9 37
22 16 37	22 16 37
9 13 2	9 13 2
21 10 7 28 15	21 10 28
37 1 33 30	37 1 33 30
23 34	23 34 34
25 33 1	25 33 1
16 12 6	16 12 6
0 6 13	0 6 13
4 9 31	9 31 31
23 22 10 15	23 22 10
2 12 30 15	2 12 30
6 12 20 37	12 20 37
1 27 20 15	1 27 20
7 24 6 32 14	24 32 13
4 12 16 4	12 16 0
7 22 6 16 10 14	16 10 12
7 22 6 36 37 7 20	36 37 20
7 22 6 16 7 6	16 12 6
6 21 16 13 30	21 16 30
7 23 6 22 1	23 22 1
37 36 20 15	37 36 20
16 27 22	16 27 22
37 9 16	37 9 16
7 30 22 1 6	22 1 6
4 9 30	9 30 30
6 16 22 27	16 22 27
7 22 6 2 32 4	2 32 0
16 9 29 20	9 29 20
23 10 14	23 10 13
16 20 17 15	20 0 13
9 2 22	9 2 22
7 1 6 33 21	1 33 21
30 7 22 30 31 12 13	22 30 31
1 7 36 20	1 36 20
9 31 16 15	9 31 16
16 22 30	22 30 13
16 28 20 37	28 20 37
16 21 20 32 15	21 20 32
29 13 7 16	29 12 16
7 23 6 12 14	23 12 13
32 22 32 22	32 22 32 22
22 7 0 30	22 0 30
36 21 37	36 21 37
21 7 25 1	21 25 1
30 1 22	30 1 22
16 30 7 23 42	30 23 42
23 13 7 15	23 13 12
30 1 19	30 1 19
16 10 7 9 34	10 9 34
2 23 12	2 23 12
36 20 13	36 20 13
9 34 13 15	9 34 13
22 37 30	22 37 30
6 9 7 20 34	9 20 34
7 22 6 16 6 37	16 6 37
31 7 32	31 12 32
37 21 30	37 21 30
4 21 20 4	21 20 0
2 20 7 22 15	2 20 22
16 6 16 13 28	16 13 28
4 27 2	0 27 2
7 10 9 30 1	9 30 1
11 1 31 7 0	1 31 0
22 12 0	22 12 0
9 20 20	9 20 20
6 9 22 13 16	9 22 16
7 22 6 27 30 1	27 30 1
16 13 16 10 15	13 16 10
37 7 16 15	37 16 16
16 31 7 20 2 15	31 20 2
27 1 13 22	27 1 22
36 37 30 7 0	36 37 30
31 7 35 12 6	31 35 13
11 6 21 7 33	12 21 33
9 7 1 30 13 15	9 1 30
4 37 31 32	37 31 32
32 9 22	32 9 22
23 12 7 2 19	23 2 19
20 23 30 15	20 23 30
20 36	20 36 36
29 2 16	29 2 16
16 12 21 12 2	12 21 2
16 1 37 12 19	1 37 19
16 7 31 20	16 31 20
36 2	36 2 2
33 12 13	33 12 13
16 6 27 6 30	24 31 31
22 13 31 20	22 13 31 20
30 7 16 1 7 30 7 15	1 30 12
22 16 37	22 16 37
19 20 12 15	19 20 12
20 34 13	20 34 12
16 6 12 22 31	12 22 31
2 10 2 10	2 10 2 10
32 7 10	32 10 13
9 1 13 30 15	9 1 30
6 30 7	6 30 12
2 12 13	2 12 13
6 21 20 1 15	21 20 1
7 22 6 10 2	22 10 2
24 7 16 20	24 16 20
6 28 12 14	28 12 13
28 7 30	28 12 30
27 25 1	27 25 1
4 25 10	0 25 10
9 20 36	9 20 36
32 28 28	32 28 28
4 2 20 13	2 20 13
6 9 2 13 20	9 2 20
1 13 7 10	1 13 10
37 16 13 2	37 16 2
6 1 35	6 1 35
4 2 10 4	2 10 0
7 22 6 23 20 16	23 20 16
34 16 10	34 16 10
9 20 28	9 20 28
7 29 31 2 16	29 2 16
32 9 20	32 9 20
16 22 6 9 13 16	9 12 16
16 18 20 24	0 20 24
	37 13 2
16 18 7 16 20	0 16 20
10 7 37 12 42	10 37 42
20 0 13	20 0 13
7 24 6 30 31	24 30 31
9 16 15	9 16 16
11 16 7 20	0 16 20
16 28 23	16 28 23
4 33 16 30	33 16 30
37 1 20	37 1 20
37 16 33	37 16 33
7 6 24 25	0 24 25
1 23	1 23 23
1 31 7 30 15	1 31 30
13 20 9 15	13 20 9
37 31 22	37 31 22
9 29 15	9 29 29
24 30 13 32 15	24 30 32
30 1 22	30 1 22
9 7 37 2 15	9 37 2
27 37 1 15	27 37 1
6 1 7 20 27	1 20 27
23 32 30	23 32 30
4 32 34 30	32 34 30
16 34 13 0	34 12 0
4 36 16 22	36 16 22
37 6 37 6	37 6 37 6
16 9 2 22	9 2 22
1 13 10	1 13 10
2 10 13	2 10 13
4 36 21 20	36 21 20
28 20 37	28 20 37
4 36 33 20	36 33 20
19 10 13	19 10 13
16 20 15	16 20 20
11 1 28 13 16	1 28 16
21 2 12 14	21 2 12
4 20 14	20 0 13
36 33 13 20	36 33 20
37 2 12 14	37 2 12
22 21 7 2 15	22 21 2
10 23 13 32	10 23 32
7 22 6 36 33 2	36 33 2
27 7 19 20	27 19 20
37 28 28	37 28 28
24 21 30	24 21 30
37 13 7 10	37 13 10
7 22 6 32 33 16	32 33 16
21 7 2 30	21 2 30
2 13 20	2 13 20
7 22 6 29 1 23	29 1 23
27 16 30	27 16 30
22 27 10	22 27 10
28 13 10	28 13 10
10 21 30	10 21 30
10 9 34	10 9 34
16 20 27 1	20 27 1
6 12 34 23	12 34 23
16 10 42 16 15	10 42 16
7 10 6 33 7 27	10 33 27
12 2 37	12 2 37
16 12 34 37	12 34 37
7 22 6 20 7 23 6	20 12 23
37 22 21 20	37 22 21 20
7 21 6 16 7 37 13	21 16 37
16 23 16 2	23 16 2
6 12 23 2	12 23 2
35 30 14	35 30 13
37 31 20	37 31 20
16 27 30 32	27 30 32
25 33 30	25 33 30
16 12 16 22 15	12 16 22
10 21 2 15	10 21 2
1 7 20	1 12 20
23 20 32 15	23 20 32
20 1 1	20 1 1
28 7 10	28 13 10
23 20 7 1	23 20 1
20 1 31 15	20 1 31
35 34 1 7 10	35 34 1
6 32 22 13 20	32 22 20
16 9 2 20 15	9 2 20
24 7 6 16	24 6 16
4 9 7 16	9 12 16
33 2 2	33 2 2
4 31 20 36	31 20 36
37 32 21	37 32 21
6 23 16 13 30	23 16 30
24 20 9	24 20 9
22 7 23 15	22 12 23
16 23 7 22 1 15	23 22 1
4 2 7 20	2 12 20
16 18 7 6 7 15	0 6 13
21 20 13 0	21 20 0
7 30 27 12 13 6	27 12 6
36 7 31	36 13 31
6 2 24 30	2 24 30
23 13	23 12 13
23 29 12 15	23 29 12
9 20 2 22	9 20 2 22
9 12 30	9 12 30
13 12 16	13 12 16
24 31 13 20	24 31 20
4 29 35 14	29 35 12
4 10 28 30	10 28 30
4 28 37 20	28 37 20
16 37 13 10	37 13 10
29 7 23 1	29 23 1
24 1 7 28	24 1 28
16 6 32 12 9	32 12 9
29 35 7	29 35 12
16 21 2	16 21 2
4 19 7 19	0 19 19
31 20 13	31 20 13
35 7 2 20	35 2 20
21 28 37	21 28 37
20 32	20 32 32
20 1 31	20 1 31
30 9 13	30 9 13
7 10 27 22 20	27 22 20
31 7 12 37	31 12 37
16 32 20 35	32 20 35
12 7 29 30	12 29 30
4 16 20	16 20 20
7 10 34 16	34 16 16
9 37 20	9 37 20
6 12 32 13	12 32 13
23 7 20 1	23 20 1
37 28 32	37 28 32
36 7 36	36 12 36
22 7 30 16	22 30 16
6 24 13 30	24 13 30
9 6 37	9 6 37
31 7 1	31 13 1
20 13 7 34 13 7 6	20 12 34
36 7 15	36 12 33
	22 21 30
16 24 30 29	24 30 29
22 13 20 15	22 13 20
16 7 20 2	16 20 2
16 12 34 12 37	12 34 37
24 30 9	24 30 9
22 7 10 2	22 10 2
31 30 9	31 30 9
4 31 30 37	31 30 37
16 34 23 27	34 23 27
20 21 23	20 21 23
4 16 10	0 16 10
24 18 12 10	24 12 10
23 7 30 15	23 12 30
34 16 15	34 16 16
4 37 28 30	37 28 30
4 1 13 34	1 13 34
10 23 30	10 23 30
4 22 7 0	22 12 0
10 37 7 16	10 37 16
22 21 37	22 21 37
6 32 20 22	32 20 22
16 27 2 22	27 2 22
37 30 7	37 30 12
4 22 20 32	22 20 32
6 33 13 4	33 13 0
6 23 1 1	23 1 1
33 30 27	33 30 27
19 16 10	19 16 10
20 1 31	20 1 31
16 2 20 22 15	2 20 22
16 6 2 13 10	2 13 10
6 9 7 1 30	9 1 30
23 32 7 20	23 32 20
17 6	0 6 13
37 2	37 2 2
4 22 7 22	0 22 22
32 20 35	32 20 35
6 37 7 20 32	37 20 32
6 37 20 13 1	37 20 1
7 24 6 6 10	24 6 10
33 28 28	33 28 28
12 20 7 0	12 20 0
9 13 9 1	9 1 1
16 27 12 10	27 12 10
23 28 1	23 28 1
4 12 1	0 12 1
6 1 37	6 1 37
1 23 19	1 23 19
23 29 20	23 29 20
6 4 27 2	0 27 2
37 34 12	37 34 12
10 31	10 31 31
36 12 27 15	36 12 27
7 26 6 30 32	0 30 32
20 34 7	20 34 13
7 28 20 9	28 20 9
10 21 2	12 21 2
10 36 7 32 15	10 36 32
16 22 18 12 30	22 0 30
2 33 7 10	2 33 10
22 12 32	22 12 32
35 30 16	35 30 16
6 24 21 13 30	24 21 30
2 32 4	2 32 0
9 7 0	9 13 0
20 1 7 37 13	20 1 37
9 1 23	9 1 23
12 9 32	12 9 32
10 27 32	10 27 32
23 6 14	37 6 13
36 13 23	36 13 37
37 12 20	37 12 20
29 2 37	29 2 37
16 23 32 30	23 32 30
36 9 15	36 9 9
16 30 7 9 7 15	30 9 13
11 22 20 7 0	22 20 13
6 2 20 13 21	2 20 21
22 33 30	22 33 30
22 7 23 20 15	22 23 20
33 7 2 26	33 2 0
6 9 2 2	9 2 2
23 12 7 30 13	23 12 30
20 32 9 15	20 32 9
6 12 37 2	12 37 2
9 30 2	9 30 2
34 35 31	34 35 31
4 16 27 10	16 27 10
19 12 1	19 12 1
16 10 32 29 30	32 29 30
9 2 20 7 30 16 22 6 31 7 37	31 12 37
4 37 16 14	37 16 13
7 23 2 12 2 1	23 2 1
1 28 1 28	1 28 1 28
16 31 20	16 31 20
10 21 7	10 21 12
4 20 7 2	20 12 2
9 7 30	9 13 30
6 37 16 30	37 16 30
20 1	20 1 1
6 21 20 13 32	21 20 32
9 1 34	9 1 34
37 28 30	37 28 30
1 13 6	1 13 6
4 1 2 30	1 2 30
2 1	2 1 1
32 24 12 20	32 24 20
16 9 1 20 15	9 1 20
6 36 7 20 27	36 20 27
7 16 6 23 7 10	16 23 10
24 6 10	24 6 10
6 23 34 13 20	23 34 20
6 36 7 1 33	36 1 33
7 23 16 20 7 20	23 16 20
16 6 2 7 12 30	2 12 30
4 16 13 30	16 13 30
1 20 2 7 10	1 20 2
4 23 2	23 2 2
20 13 23	20 13 23
10 37 7 16 15	10 37 16
23 9 9	23 9 9
37 25 20 7 0	37 25 20
6 22 20 14	22 20 13
24 29 30 15	24 29 30
4 36 12 22	36 12 22
7 22 6 23 16 30	23 16 30
24 32 34	24 32 34
4 32 9	0 32 9
32 2 14	32 2 13
7 27 6 6 1	27 6 1
4 16 7 16	0 16 16
4 23 13 7	23 13 12
37 34	37 34 34
9 20 36	9 20 36
20 21	20 21 21
6 20 6 13 1	20 6 1
33 1 12 1	33 1 1
37 2 7	37 2 12
16 7 23 9	16 23 9
7 25 30 37 1	25 30 37 1
29 30 7 15	29 30 12
23 7 30	23 12 30
36 1 33	36 1 33
23 22 20	23 22 20
11 31 7 20	0 31 20
24 16 20	24 16 20
4 28 33 2	28 33 2
37 9 30	37 9 30
6 32 7 34 30	32 34 30
21 20 37 15	21 20 37
24 7 30 31	24 30 31
29 37 2	29 37 2
4 21 33 30	21 33 30
9 20 1	9 20 1
7 29 31 30 14	29 30 13
32 9 20	32 9 20
4 29 1 20	29 1 20
37 20 12	37 20 12
32 7 20 37	32 20 37
4 37 30 14	37 30 12
6 37 28 16	37 28 16
37 21 22	37 21 22
4 28 13 2	28 13 2
16 22 6 24 2 16	24 2 16
4 37 21 30	37 21 30
16 23 7 16	23 16 13
7 24 6 7 20	24 13 20
37 22 9	37 22 9
4 22 22	0 22 22
4 22 12 4	22 12 0
16 1 6 2 4	1 2 0
4 24 20 21	24 20 21
16 24 6 7 20	24 13 20
9 6 1	9 6 1
7 10 37 16 30	37 16 30
28 1 7 30	28 1 30
1 12 20	1 12 20
24 31 15	24 31 31
9 20 13 1	9 20 1
7 23 6 22 7 1	23 22 1
9 2 23	9 2 23
16 9 7 30 15	9 12 30
7 29 31 1 20	29 1 20
32 34 7 0	32 34 13
21 29	21 29 29
17 24 25	0 24 25
4 33 7 10	33 12 10
4 23 34 20	23 34 20
28 33 2	28 33 2
20 22 7	20 22 12
20 25	20 25 25
24 32	24 32 32
37 20 6	37 20 6
19 16 7 10 13 15	19 16 10
35 7 20	35 13 20
29 32 13 23 15	29 32 23
16 9 7 31 37 15	9 31 37
23 30 16	23 30 16
7 23 6 30 7 16	23 30 16
7 10 32 37 30	32 37 30
36 33 30	36 33 30
22 32 20	22 32 20
9 29 13 1 15	9 29 1
21 20 37	21 20 37
24 22 7 20 15	24 22 20
16 20 10	16 20 10
30 21 26	30 21 0
6 32 7 37 30	32 37 30
1 31 18	1 31 0
7 22 6 22 30 16	22 30 16
29 32	29 32 32
7 23 6 30	23 30 30
32 20 13 9	32 20 9
6 2 7 12 30	2 12 30
4 37 10 32	37 10 32
34 23 27	34 23 27
6 1 20 10 22	1 20 10 22
24 31	24 31 31
4 24 30 9	24 30 9
7 22 30 10 31 23	22 30 31 23
1 7 20 2	1 20 2
29 7 16	29 12 16
9 31 32	9 31 32
9 29 13 20	9 29 20
6 20 7 2	20 2 2
32 22 9	32 22 9
21 20 1	21 20 1
19 7 1 6	19 1 6
16 18 22 22 15	0 22 22
16 23 7 20 1	23 20 1
4 2 14	0 2 13
37 32 21	37 32 21
7 22 6 16 10 14	16 10 13
32 22 9	32 22 9
7 16 6 7 28	16 13 28
37 28	37 28 28
37 22 20	37 22 20
6 9 1 30	9 1 30
6 22 7 12 14	22 12 13
16 6 37 1	6 37 1
32 22 9 13 15	32 22 9
7 22 6 23 22 10	23 22 10
16 7 28 21	16 28 21
7 22 6 26 16 7 10	0 16 10
16 37 28 15	16 37 28
6 37 16 44 2	37 16 2
4 37 2 30	37 2 30
10 22 7 0	10 22 0
21 7 10 22	21 10 22
37 22 2	37 22 2
7 23 6 16 30	23 16 30
37 28 30	37 28 30
10 36 26 33	10 36 0
16 9 32 12 30	9 32 30
4 1 7 37	1 13 37
29 32 13	29 32 12
6 16 20 13 10	16 20 10
21 10 1	21 10 1
6 36 12 9	36 12 9
12 20 2	12 20 2
21 2 13	21 2 2
12 37 14	12 37 13
22 21 10	22 21 10
9 12 14	9 12 13
23 20 7 16	23 20 16
27 37 1	27 37 1
7 6 23 7 2	12 23 2
10 9 13 1	10 9 1
23 32 42	23 32 42
6 28 7 16 10	28 16 10
6 24 1 20	24 1 20
22 1 13 30	22 1 30
9 12 16	9 12 16
16 12 22 16	12 22 16
29 35 13 20	29 35 20
16 9 29	9 29 29
29 7 20 24	29 20 24
16 1 13 37	1 13 37
4 10 2 20	10 2 20
27 7 32	27 32 13
10 21 16 15	10 21 16
37 22 32	37 22 32
11 32 31 7 20	32 31 20
7 9 6 20 34	9 20 34
21 13 37 7 10	21 12 37
12 7 21 1	12 21 1
12 7 2	12 2 13
32 12 20	32 12 20
6 36 20 13 37	36 20 37
24 13 31	24 13 31
21 12 7	21 13 0
37 9 30	37 9 30
24 20 13 32	24 20 32
6 23 20 16	23 20 16
33 12 2 21	33 2 21
31 7 20	31 13 20
16 16 20	16 20 20
32 20 7 35	32 20 35
12 29 30	12 29 30
6 37 16 2	37 16 2
21 16 33 12 20	21 16 33 20
33 10 4	33 10 0
9 13 7 0	9 13 0
10 16 14	10 16 13
29 7 20 12 24	29 20 24
16 10 31 9	10 31 9
22 7 12 14	22 12 13
6 22 30 16	22 30 16
2 20	2 20 20
36 1 19	36 1 19
23 9 13 9 13	23 9 9
22 27 7 10	22 27 10
21 13 2	21 12 2
16 10 7 9 36 15	10 9 36
11 16 7 20 15	0 16 20
37 20 13 34	37 20 34
16 1 7 10	1 13 10
19 9 1	19 9 1
16 27 6 1 15	27 6 1
13 4 22	13 0 22
20 7 33 1	20 33 1
22 1 23	22 1 23
16 9 7 1 30 15	9 1 30
12 20 31 15	12 20 31
16 1 7 23 19 15	1 23 19
6 12 7 34 37	12 34 37
24 1 28	24 1 28
11 9 7 16 15	9 12 16
2 32	2 32 32
6 12 7 29 14	12 29 13
16 37 25 20 15	37 25 20
24 12 10	24 12 10
16 23 29 12 30	23 29 30
37 22 22	37 22 22
28 12 14	28 12 13
20 27 28	20 27 28
10 7 9 36	10 9 36
6 37 1	6 37 1
16 31 30 22 16	31 30 22 16
4 20 36 2	20 36 2
16 16 6 37	16 6 37
4 20 32 37	20 32 37
7 37 6 2 7 0	37 2 12
16 12 7 31 10	12 31 10
9 23 30	9 23 30
23 13	23 13 12
4 6 7 23	6 13 23
29 1 23	29 1 23
20 7 21 30	20 21 30
1 20 33 10	1 20 33 10
30 21 10 15	30 21 10
35 20 7 16	35 20 16
7 22 6 20 7 23	20 12 23
20 1 13 37	20 1 37
37 13 10	37 13 10
7 37 6 9 2	37 9 2
4 42 30 16	42 30 16
4 22 37 2	22 37 2
2 13 10	2 13 10
25 7 9	25 12 9
16 31 37 16	31 37 16
7 29 32 20	29 32 20
33 2 16	33 2 16
37 42 16	37 42 16
20 7 2 32	20 2 32
16 4 22 7 15	0 22 12
11 21 33 7 2	21 33 2
4 42 20 32	42 20 32
4 37 31 14	37 31 12
9 2 32	9 2 32
28 12 21	28 12 21
28 30 28 7 30	28 30 28 30
31 7 12 30 15	31 12 30
16 10 1 37	10 1 37
31 20 13	31 20 12
37 20 16	37 20 16
7 22 6 22 30 7 16	22 30 16
1 2 7 13 15	1 2 0
1 33 16	1 33 16
20 7 9 1	20 9 1
20 1 7 37	20 1 37
16 35 30 32	35 30 32
7 19 10 12 10 14	19 10 13
7 21 20 10 19 16	21 20 19 16
9 33 9 33	9 33 9 33
23 12 31	23 12 31
16 1 13 34	1 13 34
16 21 7 12 20 15	21 12 20
21 7 1 20	21 1 20
23 31 1	23 31 1
30 35 15	30 35 12
23 32 7 42	23 34 20
37 34 34	37 34 34
9 2 13	9 2 13
4 1 30 33	1 30 33
4 32 37 14	32 37 13
37 16 12 16 13	37 16 16
24 7 31 20 33	24 31 20
36 20 27	36 20 27
29 10 7 37 15	29 10 37
4 12 9 32	12 9 32
37 2 10	37 2 10
16 7 6	16 12 6
16 23 12 20	23 12 20
10 2 2	10 2 2
37 25 30	37 25 30
1 10 7 0	1 10 13
24 20	24 20 20
32 20 9 15	32 20 9
1 33 6	1 33 6
27 12 10	27 12 10
9 20 29 10 15	9 20 29 10
21 1 15	21 1 1
22 16 7	22 16 12
4 28 7 30	28 12 30
22 30 22 30	22 30 22 30
7 37 6 7 2	37 12 2
16 13 37 7 2	12 37 2
29 32 7 0	29 32 12
1 20 27	1 20 27
10 33 34 15	10 33 34
16 22 24 20 15	22 24 20
10 42 13 32	10 42 32
4 24 30 2	24 30 2
28 20 7 37 13	28 20 37
6 37 2 14	37 2 12
16 2 20 22	2 20 22
21 12 7 1	21 12 1
4 28 20 9	28 20 9
16 20 1 37	20 1 37
7 22 6 9 20	9 20 20
9 6 20	9 6 20
	10 28 9
4 9 29 14	9 29 12
6 25 1 25 1	25 1 25 1
16 7 30	16 12 30
12 7 30	12 30 13
29 12 6	29 12 6
12 7 21 33	12 21 33
7 20 6 32 37	20 32 37
6 36 7 35 30	36 35 30
37 21 12 28	37 21 28
9 34 14	9 34 13
10 1 25	10 1 25
24 31 32	24 31 32
23 1 13 1 15	23 1 1
10 7 9 15	10 12 9
4 32 31 20	32 31 20
20 1 23	20 1 23
29 13 32	29 13 32
22 7 33 16	22 33 16
29 7 1 20	29 1 20
22 9 31	22 9 31
4 22 20	0 22 20
29 23 10	29 23 10
16 23 7 9 9 15	23 9 9
37 7 2 15	37 12 2
37 19 10	37 19 10
35 7 30	35 30 12
6 24 30 13 9	24 30 9
29 13 35 15	29 12 35
22 20 7 1	22 20 1
21 20 23	21 20 23
4 32 7 2	32 13 2
10 21 2 13	10 21 2
33 20 16	33 20 16
16 18 7 24 25 15	0 24 25
24 28 13 10 15	24 28 10
6 16 19 7 30	16 19 30
37 36 36	37 36 36
36 7 20 37	36 20 37
16 12 9 32	12 9 32
12 31 26	12 31 0
22 30 32	22 30 32
6 30 23 13 10	30 23 10
16 18 7 24 25	0 24 25
32 34 7 0	32 34 12
16 20 27 28	20 27 28
10 7 22 1	10 22 1
28 23 30 13 9 15	28 23 30
7 10 6 12 14	10 12 13
9 29 20	9 29 20
37 7 10 14	37 10 13
9 20 2	9 20 2
22 30 7 16 15	22 30 16
4 25 27 14	25 27 13
7 10 6 33 27	10 33 27
32 6 12 14	32 6 12
12 22 13 30 15	12 22 30
16 10 13	16 10 12
35 34 1	35 34 1
9 2 20	9 2 20
36 24 29	36 24 29
25 24 20	25 24 20
6 37 30 13 9	37 30 9
35 13 1 15	35 13 1
35 13 20 15	35 13 20
31 23 13 10	31 23 10
2 30	2 30 30
4 10 42 32	10 42 32
32 29 13 30 15	32 29 30
11 13 7 30 15	0 12 30
17 16 13 10	0 16 10
32 7 31 20	32 31 20
11 37 20 7 1	37 20 1
37 22 16 31	37 22 16 31
6 37 21 20 32	37 21 20 32
37 7 16 20	37 16 20
36 13 31	36 13 31
16 37 20 34	37 20 34
7 22 6 9 31 1	9 31 1
17 10 22 15	0 10 22
4 22 9 31	22 9 31
16 6 22 7 16 23	22 16 23
9 20 13 20	9 20 20
23 29 10	23 29 10
21 13 36	21 13 36
21 33 20	21 33 20
16 7 30	16 13 30
23 16 20	23 16 20
36 20 13 31	36 20 31
7 10 31 1 7 37	31 1 37
32 7 20 35	32 20 35
11 1 30 13 22	1 30 22
22 7 9	22 9 13
24 13 20 15	24 13 20
11 23 34 7 20	23 34 20
16 21 22 16 15	21 22 16
2 9 7 9	2 9 9
4 23 20	23 20 20
28 23 32	28 23 32
32 6 7 15	32 6 13
32 21 12 15	32 21 12
16 32 6	32 6 12
36 10 9	36 10 9
7 16 6 37 34	16 37 34
27 20 16	27 20 16
6 20 7 21 37	20 21 37
0 30 32	0 30 32
37 20 1 13 15	37 20 1
7 20 19 37 10	20 19 37 10
4 22 20 14	22 20 13
7 22 6 2 7 20	2 12 20
4 10 1 25	10 1 25
6 37 36 13 9 15	37 36 9
9 32 20	9 32 20
4 23 27 16	23 27 16
16 32 13 2	32 13 2
10 32 2	10 32 2
37 7 6 9	37 6 9
32 7 20	32 12 20
2 32 10	2 32 10
9 23 1 15	9 23 1
35 16 20	35 16 20
4 10 36 31	10 36 31
19 10 13	19 10 13
20 6 1	20 6 1
23 12 20	23 12 20
12 34 37	12 34 37
10 7 9 29	10 9 29
9 10 31 7 20	9 10 31 20
32 12 20 7	32 12 20
24 12 32	24 12 32
6 24 34 13 30	24 34 30
16 35 31 22	35 31 22
37 7 20	37 13 20
37 21 30	37 21 30
9 23 36	9 23 36
36 20 37	36 20 37
23 13 12 7 10	23 13 12
6 28 16 6	28 16 6
37 22 1 30	37 22 1 30
10 37 12 42	10 37 42
10 1 23	10 1 23
6 23 2 13 19	23 2 19
24 29 12 29	24 29 29
12 2	12 2 2
4 34 7 0	34 12 0
7 10 31 20 23	31 20 23
27 19 20	27 19 20
10 21 7 16	10 21 16
21 7 12 28	21 12 28
4 31 37 16	31 37 16
22 7 24 10	22 24 10
23 10 14	23 10 12
7 22 6 25 27 20	25 27 20
37 42 16	37 42 16
1 20 4	1 20 0
10 1 24	10 1 24
16 16 30 12 27	16 30 27
16 10 32 20 2	32 20 2
6 28 24 20 32	28 24 20 32
28 1 30	28 1 30
4 9 29 20	9 29 20
1 33 6 7 10	1 33 6
22 7 26 30	22 0 30
37 2 30	37 2 30
16 7 37 28 15	16 37 28
32 34 34	32 34 34
32 9 13 33	32 9 33
1 22 20	1 22 20
2 20 7 21 15	2 20 21
16 16 6 7 28	16 13 28
23 7 32 42	23 32 42
12 21 37	12 21 37
9 7 22 16	9 22 16
20 2 32	20 2 32
20 2	20 2 2
16 23 29	16 23 29
7 36 6 33 7 20	36 33 20
32 21 7 26 13	32 21 0
7 28 2 7 10	28 13 10
21 16 37 13	21 16 37
20 21 16	20 21 16
7 36 6 37 30	36 37 30
30 23 42	30 23 42
9 37 20	9 37 20
12 21 30	12 21 30
2 7 1 20	2 1 20
24 20 21	24 20 21
21 16 13 30	21 16 30
10 32 25	10 32 25
6 23 27 13 16	23 27 16
23 10 32 13 15	23 10 32
6 29 30 14	29 30 13
29 23 13 32 15	29 23 32
29 2 32 15	29 2 32
7 10 6 9 7 2	10 9 2
16 29	16 29 29
23 42 13	23 42 13
6 22 27 10	22 27 10
16 12 9 37	12 9 37
23 16 7 22	23 16 22
16 7 20	16 20 20
16 6 20 21 16	6 20 21 16
21 20 23	21 20 23
9 1 20	9 1 20
30 0 30 0	30 0 30 0
4 16 20	0 16 20
4 10 29 6	10 29 6
2 7 20	2 12 20
12 29 13	12 29 13
32 7 37 30	32 37 30
31 10	31 10 10
7 1 6 35 14	1 35 13
22 1 9	22 1 9
4 10 9 25	10 9 25
4 10 9 34	10 9 34
9 23 29	9 23 29
10 32 7	10 32 12
32 7 23 36 15	32 23 36
23 29 7 2	23 29 2
20 6 13 1	20 6 1
	36 32 12
10 22 13	10 22 13
29 30 1	29 30 1
7 28 2 20 2	28 20 2
23 2 19 7 0	23 2 19
4 12 30 2	12 30 2
12 19 9	12 19 9
7 13 6 16 7 20	0 16 20
9 33 20	9 33 20
